sku,stock,price_usd,last_seen
SKU-1074,375,692.470,2026-04-13
SKU-4920,383,N/A,2026-05-12
SKU-2903,73,909.6,2026-05-03
sku-5813,183,974.2,2026-11-26
SKU-0818,352,332.886,2026-04-14
SKU-9276,227,687.7,2026-07-18
SKU-1113,233,341.608,2026-04-13
SKU-9956,365,97,2026-05-12
SKU-4432,270,110,2026-04-01
SKU-4795,102,,2026-11-04
SKU-5982,152,837,2026-06-13
SKU-0561,345,,2026-02-26
SKU-3523,423,947.42,2026-01-09
sku-9481,276,177.4,2026-10-01
SKU-4034,273,N/A,2026-04-04
SKU-1043,232,787.65,2026-09-04
sku-8617,458,N/A,2026-09-15
SKU-4506,191,731.29,2026-07-09
SKU-7910,144,535.8,2026-02-03
SKU-3474,332,435.084,2026-11-27
sku-0157,362,,2026-07-05
sku-6508,413,N/A,2026-12-26
SKU-1372,185,616,2026-05-22
SKU-6519,183,767.567,2026-02-28
SKU-6551,178,331.8,2026-03-13
SKU-9411,107,846.636,2026-11-25
SKU-4466,205,240.391,2026-10-01
sku-2173,251,142.3,2026-05-13
SKU-5186,216,64,2026-04-21
SKU-6575,60,415,2026-12-11
SKU-4639,41,742,2026-10-08
SKU-0226,496,695,2026-06-08
sku-3577,170,589.245,2026-07-11
sku-4778,315,428.88,2026-11-09
sku-4452,92,649.43,2026-01-03
SKU-3944,24,148.536,2026-03-13
sku-1989,17,122.202,2026-05-01
sku-3545,178,,2026-01-20
SKU-2876,283,911,2026-05-11
SKU-6061,96,,2026-10-04
sku-7507,300,473,2026-12-26
SKU-7427,63,611.75,2026-07-03
SKU-6890,189,628,2026-10-13
SKU-7497,275,,2026-08-16
SKU-7109,206,68.83,2026-11-20
SKU-9816,231,471,2026-01-01
SKU-3020,109,449.39,2026-09-28
SKU-6919,25,775.149,2026-11-21
SKU-9335,448,,2026-01-19
SKU-9898,442,210.8,2026-06-23
SKU-6616,232,423,2026-04-27
sku-1963,498,610.1,2026-06-06
SKU-4246,326,106.490,2026-07-12
sku-7835,439,395,2026-01-11
sku-6235,77,566,2026-08-16
SKU-5221,499,917,2026-02-15
SKU-4996,277,685.5,2026-10-18
SKU-6699,113,748.08,2026-01-13
sku-9787,301,285.39,2026-03-10
SKU-5093,105,460.6,2026-07-06
SKU-2368,209,,2026-01-19
SKU-2729,352,274.94,2026-01-02
SKU-1051,45,190.9,2026-09-26
SKU-4522,238,499,2026-08-06
SKU-1899,115,297,2026-08-21
SKU-4382,329,733,2026-10-19
SKU-9432,457,830,2026-06-03
SKU-5301,361,366,2026-06-13
SKU-1510,99,324.07,2026-07-23
sku-4267,303,618.22,2026-11-16
SKU-6435,82,89.93,2026-04-19
SKU-0198,180,758.42,2026-07-09
SKU-0315,229,,2026-03-11
SKU-2738,393,492.50,2026-09-27
SKU-2664,49,899,2026-09-05
SKU-9900,275,390.48,2026-08-18
SKU-0399,307,903.194,2026-10-18
SKU-0789,259,89.350,2026-12-15
SKU-4640,5,735,2026-12-05
SKU-7195,32,786.74,2026-07-19
SKU-7078,34,279.03,2026-12-15
SKU-4244,460,N/A,2026-12-06
SKU-0917,164,167,2026-08-24
SKU-9575,391,18,2026-06-16
SKU-1011,275,495.07,2026-07-06
SKU-5811,21,630,2026-11-06
SKU-5567,408,945.6,2026-05-03
SKU-6402,46,422,2026-02-11
SKU-1109,348,685.128,2026-03-24
SKU-9945,376,661.2,2026-10-17
sku-1338,329,712,2026-08-07
SKU-8706,239,882,2026-09-28
SKU-8823,23,527.07,2026-11-22
SKU-8748,162,294,2026-08-10
SKU-3918,172,410.798,2026-09-06
SKU-4872,332,232.05,2026-12-13
SKU-7444,380,171.99,2026-07-23
sku-9241,358,192.6,2026-06-08
SKU-1479,249,984.02,2026-01-27
SKU-5193,26,929.157,2026-03-25
SKU-3547,361,565.055,2026-03-12
SKU-0732,291,805,2026-12-21
SKU-3886,131,36.6,2026-02-21
SKU-0115,442,134.412,2026-05-13
SKU-0416,440,414.056,2026-07-12
SKU-9819,418,239.7,2026-06-12
SKU-5852,247,67.879,2026-03-28
SKU-9704,173,34.6,2026-05-26
SKU-6972,426,253.9,2026-02-27
SKU-9385,80,520.97,2026-05-28
SKU-8446,60,370,2026-07-05
sku-2516,348,754,2026-02-10
SKU-3858,148,786.730,2026-03-20
sku-0403,166,58.301,2026-11-09
SKU-7210,210,603,2026-02-25
SKU-7789,249,214,2026-02-26
SKU-2221,448,268.1,2026-08-05
SKU-3719,335,18.1,2026-10-05
SKU-6583,445,424.2,2026-02-03
sku-1232,430,305.131,2026-07-26
SKU-3404,401,275.58,2026-04-14
SKU-0155,455,116.1,2026-02-06
SKU-5154,109,335.10,2026-06-18
SKU-7233,319,654,2026-12-09
SKU-8490,345,168.524,2026-06-18
SKU-1786,274,457.4,2026-06-01
SKU-9901,413,59.6,2026-02-20
SKU-4261,331,138,2026-08-21
SKU-4969,292,925.4,2026-04-15
sku-9616,338,615,2026-08-28
SKU-3489,140,784.05,2026-09-06
sku-3552,9,443.0,2026-01-15
SKU-0503,397,664.99,2026-09-23
SKU-2934,61,195.0,2026-06-19
SKU-2429,193,352,2026-06-10
SKU-6869,489,9,2026-02-24
SKU-3368,166,794.229,2026-09-22
SKU-3040,461,53.832,2026-11-24
SKU-3899,265,958.806,2026-12-02
SKU-5264,79,194.709,2026-05-05
SKU-6776,174,95.1,2026-05-24
SKU-3272,294,703.318,2026-03-18
SKU-7744,153,322.121,2026-05-24
SKU-1527,455,303,2026-10-23
SKU-6293,337,N/A,2026-02-01
SKU-2201,41,888,2026-07-16
SKU-1839,307,562.80,2026-02-05
SKU-5693,321,275,2026-06-20
SKU-7144,144,39.04,2026-08-23
SKU-7032,414,565,2026-07-17
SKU-2277,4,452.207,2026-02-21
SKU-5512,342,591,2026-01-06
SKU-5482,151,,2026-06-20
SKU-2307,353,128.3,2026-04-18
SKU-1741,19,330.4,2026-06-04
SKU-1533,5,698.5,2026-09-09
SKU-0763,231,5.45,2026-04-01
SKU-8280,18,91.10,2026-09-08
SKU-7246,221,765.7,2026-08-17
SKU-9797,346,74.865,2026-04-13
SKU-7203,279,131.519,2026-09-07
SKU-8296,409,43.17,2026-10-11
SKU-5052,267,331,2026-10-15
sku-3048,268,102.579,2026-04-05
SKU-7073,116,547.1,2026-10-11
SKU-9896,55,253.60,2026-11-15
sku-2018,166,821.0,2026-03-09
SKU-6420,477,424.10,2026-12-01
SKU-8788,236,427.5,2026-09-11
SKU-2208,91,263.834,2026-01-25
sku-0320,260,197.30,2026-01-21
sku-3092,132,367.67,2026-12-14
SKU-1290,474,894.372,2026-09-17
SKU-5569,150,466.62,2026-03-07
sku-6235,481,811,2026-05-02
SKU-3507,59,470.3,2026-03-18
SKU-1359,357,113,2026-09-19
SKU-3286,253,874.3,2026-12-02
SKU-0802,368,605,2026-09-04
SKU-9402,396,985,2026-06-26
SKU-4370,113,947,2026-09-27
SKU-1184,199,157.7,2026-08-18
SKU-5614,496,377.08,2026-10-25
SKU-6830,483,297.01,2026-03-18
SKU-0468,362,848.16,2026-05-04
SKU-0428,233,577.2,2026-01-20
SKU-7324,295,581.5,2026-03-07
SKU-7691,337,887.7,2026-10-22
sku-8486,354,437.90,2026-03-04
SKU-9692,441,366.8,2026-02-28
SKU-7933,344,701.64,2026-03-01
SKU-7936,419,513.4,2026-01-01
SKU-8709,216,601,2026-05-25
sku-8909,177,5.0,2026-08-14
SKU-4502,283,403.972,2026-06-17
SKU-7029,297,138.506,2026-03-14
SKU-0903,73,888,2026-10-14
SKU-3889,57,337.201,2026-08-01
SKU-5334,346,723.7,2026-04-22
SKU-7274,211,,2026-01-06
SKU-5221,348,37,2026-09-06
SKU-9325,32,920.844,2026-02-03
SKU-1381,65,524.184,2026-08-17
SKU-1599,384,276.563,2026-03-12
SKU-2963,136,332.17,2026-02-19
SKU-3181,319,662.68,2026-09-07
SKU-7427,97,209.3,2026-10-24
SKU-8129,133,488.7,2026-04-11
SKU-5472,492,844.989,2026-10-12
SKU-6665,32,488.5,2026-08-03
SKU-5810,276,208.51,2026-10-25
SKU-2056,267,265.0,2026-08-21
SKU-3473,251,681.49,2026-04-25
sku-8639,352,692.4,2026-06-08
SKU-8068,101,333.934,2026-04-12
sku-5557,249,N/A,2026-06-28
SKU-4575,488,72.7,2026-10-16
SKU-5490,489,945.40,2026-08-15
SKU-8248,70,904.0,2026-03-23
SKU-1291,236,,2026-04-20
SKU-0589,464,671,2026-05-20
SKU-5164,227,267.4,2026-08-24
SKU-3345,26,356.0,2026-01-19
SKU-1613,278,29.6,2026-09-23
SKU-0508,433,883,2026-02-28
SKU-5971,242,454.7,2026-10-12
SKU-8865,347,57.8,2026-07-13
SKU-3694,182,220.81,2026-05-17
SKU-3544,196,703,2026-02-22
SKU-6173,122,906.013,2026-12-12
SKU-5629,147,188,2026-12-28
SKU-9836,262,349.97,2026-07-01
SKU-4971,48,80.58,2026-12-16
sku-3209,298,193.729,2026-06-16
SKU-7202,271,405.625,2026-10-14
SKU-2103,11,N/A,2026-09-05
SKU-1430,385,494.709,2026-05-08
SKU-6620,17,564.283,2026-03-03
SKU-4457,210,782.424,2026-04-07
SKU-1236,363,833,2026-01-22
SKU-7629,428,854.508,2026-05-16
SKU-4725,489,432,2026-11-07
SKU-6675,401,155.664,2026-11-12
SKU-5064,411,830.622,2026-04-07
SKU-0257,194,190.80,2026-12-06
SKU-4556,69,956.5,2026-05-15
SKU-9687,331,302,2026-03-18
SKU-0472,403,740,2026-08-12
SKU-4610,469,506,2026-03-05
SKU-3661,323,332.36,2026-06-04
SKU-1988,499,308.10,2026-04-28
SKU-6879,73,706,2026-01-22
SKU-1385,197,,2026-01-25
sku-5782,61,713.4,2026-11-24
SKU-0974,110,N/A,2026-09-25
sku-0011,250,762,2026-12-08
sku-6356,80,859.387,2026-07-03
SKU-1576,116,607.41,2026-05-28
SKU-8317,408,683.16,2026-06-18
SKU-4176,48,728.977,2026-12-16
sku-6135,29,558.11,2026-05-05
SKU-5549,365,85.36,2026-09-12
SKU-5391,486,957,2026-12-25
SKU-0030,401,364.40,2026-12-18
SKU-4351,268,109.578,2026-01-02
sku-7013,456,341.326,2026-05-07
SKU-3299,465,146.26,2026-05-10
sku-6444,270,819.2,2026-02-18
SKU-2605,419,583.1,2026-06-08
SKU-1453,460,64.445,2026-09-10
sku-4093,175,741.6,2026-08-10
SKU-9768,498,9.9,2026-06-05
SKU-1367,69,N/A,2026-11-17
sku-2192,433,584.52,2026-09-15
SKU-4160,255,353,2026-02-07
SKU-0749,303,696,2026-08-09
SKU-9755,427,55.0,2026-07-05
SKU-9022,389,730.291,2026-08-27
SKU-4382,191,466.751,2026-09-10
SKU-5098,450,806.11,2026-12-15
SKU-9989,488,743.09,2026-03-08
SKU-0888,302,773.237,2026-03-06
sku-1669,102,126.539,2026-10-20
SKU-9622,184,730,2026-06-19
SKU-1679,354,488.335,2026-06-13
SKU-5845,23,495,2026-05-20
SKU-9591,146,170.39,2026-06-17
sku-2214,151,167,2026-07-06
SKU-5294,2,413.306,2026-11-15
SKU-1464,224,928,2026-07-22
SKU-1462,221,63.1,2026-09-15
SKU-3018,114,122.830,2026-07-17
SKU-3294,434,449.844,2026-11-20
SKU-5177,102,43,2026-12-14
SKU-8230,405,850,2026-02-27
SKU-9573,467,487,2026-07-14
SKU-2533,93,22.7,2026-12-12
SKU-2185,76,618,2026-11-04
SKU-6860,125,287.2,2026-02-16
SKU-9855,72,66.6,2026-06-09
SKU-0485,368,624.06,2026-05-25
SKU-8046,411,189.6,2026-02-26
sku-9665,289,768.3,2026-02-10
sku-9023,82,27.5,2026-08-23
sku-5136,151,320.433,2026-12-26
SKU-4713,374,646.8,2026-01-19
sku-8647,191,64.0,2026-05-15
SKU-0582,453,178.810,2026-05-07
SKU-7234,290,981.24,2026-03-13
SKU-3674,62,433.535,2026-01-20
SKU-5903,491,904.284,2026-04-09
sku-2124,12,684,2026-03-25
SKU-6183,167,415,2026-03-28
SKU-6193,399,667.2,2026-02-15
SKU-5389,395,,2026-03-21
SKU-6812,301,550.335,2026-07-06
SKU-7130,449,695,2026-07-20
SKU-3831,42,484.206,2026-02-27
SKU-3739,264,961.65,2026-08-10
sku-1361,483,516.257,2026-04-23
SKU-1602,474,93.19,2026-10-04
SKU-1138,375,678.2,2026-01-28
sku-7116,125,526.70,2026-06-14
SKU-0969,60,15.43,2026-06-12
SKU-4832,411,635.6,2026-02-13
SKU-3305,148,39.7,2026-02-20
SKU-9928,246,707.1,2026-02-03
SKU-7296,414,595.33,2026-05-03
SKU-7660,354,,2026-05-13
sku-6177,272,282.300,2026-02-01
SKU-9672,41,968.1,2026-09-21
SKU-6364,202,607.91,2026-02-04
SKU-3025,144,29.388,2026-02-02
SKU-3087,300,39.24,2026-06-02
SKU-1792,403,946.094,2026-06-28
SKU-3421,44,264.3,2026-03-20
sku-8536,267,784,2026-12-02
sku-2474,344,204,2026-04-04
SKU-5879,333,376,2026-06-22
sku-4020,69,525.36,2026-12-11
SKU-6001,216,974,2026-09-09
SKU-8371,237,756.621,2026-08-05
SKU-6902,339,242.0,2026-09-18
sku-0029,272,463,2026-03-20
SKU-7190,383,213.83,2026-10-18
SKU-4632,395,745,2026-05-11
SKU-4771,486,720.2,2026-03-24
SKU-6593,47,736.2,2026-07-08
sku-7153,156,988.358,2026-11-20
SKU-3027,120,341.2,2026-08-14
SKU-3447,392,143,2026-05-10
SKU-0972,144,599,2026-04-20
SKU-8464,392,977.322,2026-07-12
SKU-4346,193,727.8,2026-02-27
SKU-9757,397,623.81,2026-02-08
SKU-4609,24,441.6,2026-11-12
sku-3920,398,251.063,2026-11-09
SKU-7441,497,35.0,2026-12-03
SKU-1494,194,797,2026-03-06
SKU-0615,14,980,2026-03-19
SKU-7696,481,567.40,2026-05-02
SKU-8779,488,716.2,2026-04-22
sku-6803,151,N/A,2026-05-26
SKU-4876,437,957.74,2026-11-15
sku-9071,267,139.1,2026-12-04
SKU-5107,470,878.08,2026-10-15
SKU-1832,73,50.238,2026-09-10
SKU-0836,284,305,2026-05-01
SKU-5219,67,831,2026-06-06
sku-8349,269,558.7,2026-02-06
SKU-4829,454,270.64,2026-03-02
SKU-4774,145,735,2026-02-20
SKU-1374,255,144,2026-01-24
SKU-9478,4,168.087,2026-05-25
SKU-9811,462,120.3,2026-02-28
SKU-7615,65,678.97,2026-02-01
SKU-7454,330,920.61,2026-10-01
SKU-5824,29,241.6,2026-10-14
SKU-7974,118,509,2026-03-28
SKU-8998,362,79.634,2026-08-06
SKU-4975,292,112.20,2026-04-11
SKU-8925,283,787.06,2026-05-10
SKU-3359,280,395.47,2026-10-08
SKU-4637,138,536.213,2026-07-20
SKU-8369,159,290,2026-09-07
SKU-1312,145,310.11,2026-03-26
SKU-7072,96,367.0,2026-04-12
SKU-3815,38,526,2026-12-10
SKU-4885,75,35.09,2026-01-03
SKU-6465,117,84.518,2026-05-10
SKU-0344,86,295,2026-12-26
SKU-8014,440,986.08,2026-08-22
SKU-6649,451,810.687,2026-02-24
SKU-1792,362,247.096,2026-08-24
SKU-3855,72,609.4,2026-11-15
SKU-5458,380,454.25,2026-12-22
SKU-9149,300,489.83,2026-12-23
SKU-4802,317,365,2026-04-13
sku-3007,409,79,2026-08-28
SKU-6004,304,290,2026-12-21
SKU-7942,293,786.374,2026-08-26
SKU-9069,170,482.90,2026-10-02
SKU-3995,15,110.18,2026-02-16
SKU-8520,395,552.56,2026-06-17
sku-2821,32,343.56,2026-04-08
SKU-0948,385,,2026-09-04
SKU-5119,14,655.4,2026-04-20
SKU-1590,462,468.86,2026-08-04
SKU-4731,353,N/A,2026-05-24
sku-7806,78,8.30,2026-06-15
SKU-8225,499,709.830,2026-09-14
SKU-6323,97,249,2026-02-02
sku-8088,345,690,2026-05-18
SKU-9641,18,502,2026-07-06
SKU-7697,232,464,2026-07-26
SKU-4843,281,981.9,2026-07-23
sku-5525,128,728.40,2026-03-03
SKU-9111,217,426.461,2026-11-22
SKU-1405,8,833,2026-03-09
sku-9024,99,426.744,2026-06-10
SKU-3898,30,124,2026-01-02
sku-0024,319,N/A,2026-10-06
sku-3612,13,607.042,2026-12-13
SKU-5668,20,843.30,2026-01-18
SKU-2905,332,837.0,2026-08-24
SKU-7263,476,414.3,2026-10-20
SKU-8675,405,174.2,2026-11-20
SKU-1743,446,685,2026-05-27
SKU-4453,98,78.162,2026-07-17
SKU-9528,465,606.6,2026-10-24
SKU-0608,21,897.33,2026-02-10
SKU-6982,84,N/A,2026-01-01
sku-7766,473,706.1,2026-07-16
SKU-9918,17,383.4,2026-06-08
SKU-5574,38,476.1,2026-05-21
SKU-4363,465,665.3,2026-05-15
sku-4627,460,306,2026-07-21
SKU-5500,246,353.4,2026-02-07
SKU-7561,81,709.961,2026-01-23
SKU-6278,144,N/A,2026-03-19
sku-2342,223,668,2026-12-04
SKU-1533,428,618.310,2026-02-25
sku-6093,89,911.9,2026-10-18
SKU-5682,110,503.865,2026-05-12
sku-5338,163,N/A,2026-04-16
sku-8868,74,368.461,2026-08-22
SKU-0191,185,203.78,2026-01-10
SKU-6654,72,754,2026-01-24
sku-2091,364,91.3,2026-11-16
sku-7398,246,948,2026-01-09
SKU-8359,405,387.4,2026-07-11
SKU-2511,451,N/A,2026-03-23
SKU-2740,387,481.797,2026-09-15
SKU-3442,260,661.09,2026-11-11
SKU-7768,398,67.708,2026-07-01
SKU-1735,56,N/A,2026-12-02
SKU-4140,448,402.87,2026-12-08
SKU-4277,272,438.375,2026-12-18
SKU-5756,209,172.31,2026-11-09
SKU-0988,409,456.67,2026-02-08
SKU-1446,207,460.386,2026-04-28
SKU-8415,238,,2026-03-19
SKU-1251,22,345,2026-06-20
sku-0483,8,818,2026-01-08
SKU-2288,201,891,2026-03-05
SKU-6966,51,303.174,2026-09-07
sku-0962,168,,2026-12-10
sku-0131,149,18.281,2026-01-27
SKU-2958,158,163,2026-06-23
sku-1774,445,N/A,2026-05-16
SKU-5966,181,631.89,2026-02-12
SKU-7350,482,138,2026-09-10
SKU-8161,352,728.72,2026-08-01
SKU-5568,1,178.587,2026-09-14
SKU-7965,12,441.769,2026-09-13
SKU-6571,322,188.94,2026-11-26
SKU-9569,245,761.0,2026-01-12
SKU-2005,492,927.682,2026-04-01
SKU-4944,478,247,2026-04-20
SKU-1196,277,850.2,2026-07-07
SKU-1695,479,655.8,2026-11-20
SKU-0016,266,698,2026-01-24
sku-4158,436,606.8,2026-10-13
SKU-9576,33,219.997,2026-10-27
sku-1363,123,501.812,2026-07-18
SKU-7070,98,383,2026-04-04
SKU-5541,103,224.898,2026-12-05
SKU-8611,87,719.8,2026-05-13
SKU-1713,489,937.9,2026-07-03
SKU-8473,35,501.825,2026-07-13
SKU-1928,469,739.906,2026-01-07
SKU-9231,407,977.87,2026-11-27
SKU-8934,377,136,2026-07-28
SKU-7641,197,,2026-02-03
SKU-0124,314,294.6,2026-12-07
SKU-0627,61,343,2026-07-26
SKU-0274,45,835.361,2026-09-17
SKU-8118,11,432.3,2026-08-28
SKU-6095,247,949,2026-04-06
SKU-0051,209,731,2026-06-23
SKU-9120,363,107.9,2026-08-18
SKU-1041,434,341,2026-02-21
SKU-9183,424,114.23,2026-04-14
SKU-0172,48,530.3,2026-04-14
sku-1118,366,841.66,2026-06-17
SKU-0646,26,240.763,2026-12-11
SKU-3439,487,,2026-11-11
SKU-0195,29,917,2026-07-05
SKU-5882,297,402.4,2026-01-03
SKU-8674,188,948.1,2026-05-17
SKU-4253,494,130.695,2026-10-24
SKU-7355,315,723,2026-10-01
SKU-3626,154,720.0,2026-11-25
SKU-1350,410,N/A,2026-04-27
SKU-2119,308,272,2026-11-17
SKU-7450,389,N/A,2026-05-19
sku-6197,436,525,2026-09-07
sku-0601,65,362.740,2026-09-21
SKU-0148,15,691,2026-02-11
SKU-7831,28,635.9,2026-03-21
sku-0635,106,909.60,2026-04-02
SKU-6781,308,494.1,2026-04-26
SKU-1912,270,750.6,2026-01-16
SKU-1348,123,675.82,2026-02-08
SKU-2251,81,174,2026-03-10
sku-3955,468,781.2,2026-07-03
SKU-1569,298,647.997,2026-03-24
SKU-5539,6,306.2,2026-08-19
SKU-3529,380,711.521,2026-03-27
SKU-8252,319,733.70,2026-08-17
SKU-5172,301,222.3,2026-02-18
SKU-7104,56,41.727,2026-08-19
sku-8455,456,221.517,2026-02-20
SKU-3120,434,770.3,2026-09-26
sku-7802,293,470.094,2026-07-04
SKU-6344,263,,2026-06-20
SKU-7068,147,720,2026-06-11
SKU-2969,394,691.130,2026-12-26
SKU-1351,8,125.00,2026-04-21
SKU-8921,199,537.5,2026-08-01
SKU-6704,365,276,2026-01-15
SKU-7854,197,274.65,2026-07-25
SKU-8101,483,811.883,2026-02-16
SKU-6526,233,51,2026-11-16
SKU-0247,475,238.9,2026-02-20
SKU-0847,284,89.247,2026-03-26
SKU-4248,130,287,2026-06-27
SKU-2957,246,981.624,2026-04-02
SKU-9084,196,190.79,2026-11-17
SKU-9386,452,689.16,2026-02-05
sku-2999,132,781,2026-01-14
sku-3645,241,268.2,2026-03-18
SKU-9547,143,42.19,2026-10-26
sku-6518,231,180.793,2026-07-20
SKU-0214,443,449.410,2026-04-06
SKU-6673,99,159.012,2026-04-02
SKU-4535,194,566.44,2026-04-09
SKU-7518,38,777.782,2026-07-01
SKU-8079,159,,2026-12-09
sku-4335,67,494,2026-10-11
SKU-5449,203,25,2026-09-13
SKU-2425,58,933.301,2026-09-03
sku-0935,116,202.6,2026-02-24
SKU-3733,339,600.2,2026-04-09
SKU-4092,45,189.575,2026-04-27
SKU-7664,190,412.414,2026-12-09
SKU-3740,273,312.92,2026-04-13
SKU-4910,226,876,2026-04-06
sku-9453,239,925.874,2026-12-18
SKU-8111,211,N/A,2026-05-23
SKU-7167,49,55.446,2026-12-14
SKU-9993,105,988.00,2026-07-27
sku-2364,389,648,2026-02-21
SKU-6212,98,898.32,2026-09-16
SKU-7778,328,893.6,2026-05-18
sku-0968,313,,2026-07-06
SKU-7781,307,956.3,2026-05-21
SKU-4163,39,131.28,2026-05-17
SKU-7379,209,N/A,2026-01-16
SKU-9661,454,364,2026-12-15
SKU-1015,441,390,2026-07-08
SKU-4720,495,994.68,2026-05-15
SKU-1616,343,516,2026-06-21
SKU-1708,23,208,2026-09-17
SKU-2184,302,644.23,2026-05-17
SKU-8002,331,663.272,2026-07-02
SKU-3790,224,,2026-06-13
SKU-1080,289,468.59,2026-09-09
sku-0141,177,346.6,2026-10-03
SKU-8849,157,22.17,2026-05-27
SKU-6839,366,639,2026-06-23
SKU-2712,181,267.811,2026-10-08
SKU-1705,91,369.899,2026-10-09
SKU-1891,144,199.671,2026-11-02
SKU-1125,386,429.29,2026-09-07
SKU-9185,234,543,2026-07-27
SKU-8532,157,487.035,2026-11-05
sku-0261,112,849.0,2026-12-08
SKU-4925,312,770.88,2026-10-01
SKU-8450,433,N/A,2026-02-22
SKU-9458,332,88.350,2026-08-04
SKU-0686,168,503.6,2026-01-25
sku-0046,256,412,2026-08-03
sku-3632,66,770.15,2026-04-25
SKU-6989,189,193.5,2026-05-21
SKU-8113,286,542.74,2026-04-03
SKU-9371,471,87,2026-04-24
SKU-6026,331,760,2026-01-18
SKU-8155,334,N/A,2026-05-28
SKU-0022,309,506.470,2026-01-17
SKU-9192,461,707.873,2026-08-18
SKU-3800,462,394.1,2026-08-07
SKU-5115,159,486.980,2026-11-05
SKU-2630,19,319.55,2026-12-25
SKU-7303,282,36.50,2026-09-25
SKU-6373,410,592,2026-09-23
SKU-4669,455,721.50,2026-10-16
SKU-7759,246,688,2026-10-09
SKU-8543,83,63.196,2026-01-21
SKU-6407,116,105.3,2026-01-06
SKU-5617,187,62.45,2026-05-04
SKU-7992,475,269.0,2026-08-21
SKU-9614,150,192.2,2026-11-01
SKU-1549,81,576.6,2026-02-15
SKU-9334,148,827.38,2026-02-12
sku-5880,302,N/A,2026-03-20
SKU-7147,153,402.1,2026-10-24
sku-8443,288,172,2026-10-18
SKU-8417,278,79.55,2026-01-22
SKU-9968,348,7,2026-11-12
SKU-8212,3,847,2026-02-02
SKU-2564,418,423,2026-06-12
SKU-8910,38,N/A,2026-02-18
SKU-8163,309,212.6,2026-10-27
SKU-9776,152,309.9,2026-12-14
SKU-0966,175,980.61,2026-02-07
SKU-4120,368,591.3,2026-05-08
SKU-2028,373,508.264,2026-03-21
SKU-8887,140,123.191,2026-08-06
SKU-5329,268,N/A,2026-09-07
SKU-2559,189,40,2026-07-27
SKU-6612,238,,2026-07-22
sku-2247,138,370.154,2026-08-27
SKU-7058,414,86,2026-06-23
SKU-1300,418,,2026-11-22
SKU-9825,39,,2026-05-25
SKU-0749,249,509.192,2026-11-25
SKU-0192,212,N/A,2026-03-03
SKU-4859,99,398,2026-04-22
sku-2281,494,965.950,2026-10-04
SKU-5751,1,327,2026-03-11
SKU-5027,79,73.89,2026-02-13
sku-6434,300,443.749,2026-05-20
SKU-9717,298,697.742,2026-02-19
SKU-2222,61,141.754,2026-10-22
SKU-6254,205,133,2026-01-05
SKU-3995,78,35.48,2026-05-19
SKU-1796,35,521.327,2026-06-07
SKU-3696,208,974,2026-10-22
SKU-5069,296,245.4,2026-11-23
SKU-9482,80,N/A,2026-05-05
SKU-8513,134,967.2,2026-10-22
SKU-0941,209,263.87,2026-03-26
SKU-8956,24,216.733,2026-02-06
SKU-2538,199,322.5,2026-09-10
SKU-3960,100,479,2026-05-02
SKU-4857,49,25.3,2026-12-05
SKU-8436,442,94.82,2026-11-20
SKU-3213,28,646.40,2026-06-09
SKU-0435,158,278,2026-12-06
SKU-9310,390,266.0,2026-02-22
SKU-5051,114,687,2026-05-19
SKU-1435,394,233.81,2026-05-07
sku-1157,130,308.66,2026-11-06
SKU-4729,38,593.2,2026-11-21
SKU-7338,206,280,2026-05-21
SKU-7085,310,298.176,2026-08-11
sku-2592,330,897.3,2026-01-16
SKU-4493,428,30.0,2026-05-01
SKU-8036,232,472.7,2026-11-18
SKU-5138,217,687.15,2026-03-05
SKU-5778,100,215,2026-09-17
sku-8088,108,857.56,2026-10-18
SKU-8413,188,262.91,2026-07-10
SKU-3491,309,355.915,2026-01-22
SKU-4825,279,N/A,2026-07-19
SKU-0220,27,42.83,2026-06-07
SKU-6592,487,859,2026-05-25
SKU-6534,357,,2026-02-18
SKU-1627,199,259,2026-02-12
SKU-0208,182,884.947,2026-12-19
SKU-7290,107,658.133,2026-02-22
SKU-8285,104,134.059,2026-04-15
SKU-5097,281,364.59,2026-01-14
SKU-7865,366,557.5,2026-02-26
SKU-2165,438,,2026-12-11
SKU-4195,227,317.1,2026-08-19
SKU-8500,440,28.0,2026-04-14
sku-7625,263,907.9,2026-10-04
SKU-4789,110,620.12,2026-01-06
SKU-5589,24,687,2026-05-08
SKU-4024,44,888,2026-03-17
sku-3235,14,935.0,2026-10-01
SKU-2447,430,447,2026-03-19
SKU-6574,197,499,2026-02-01
SKU-6805,398,660,2026-03-27
SKU-1784,18,989.25,2026-09-05
SKU-0151,449,767.8,2026-05-19
SKU-7994,133,861.68,2026-08-28
SKU-4569,368,N/A,2026-09-05
SKU-5661,67,329.94,2026-08-10
SKU-9860,72,91.701,2026-11-25
SKU-7624,221,N/A,2026-06-10
SKU-0184,102,856.216,2026-07-03
SKU-3305,258,608.08,2026-10-06
SKU-0444,392,120.655,2026-10-23
SKU-1992,475,490.638,2026-12-15
SKU-1129,50,582.7,2026-05-13
SKU-0622,496,260.4,2026-11-07
SKU-4741,4,536,2026-02-18
SKU-6615,378,600,2026-09-04
SKU-9789,26,198,2026-01-02
sku-6669,158,107.12,2026-06-14
SKU-6770,231,806.549,2026-09-21
SKU-9331,256,140.31,2026-07-22
SKU-9800,81,937,2026-09-03
sku-2020,335,730.3,2026-07-28
SKU-3791,405,207.8,2026-06-18
SKU-8420,44,915.23,2026-06-18
SKU-8385,51,558.461,2026-06-19
SKU-8207,444,,2026-01-19
SKU-6039,203,307.3,2026-04-01
SKU-2076,289,156,2026-12-13
sku-4157,412,376.5,2026-05-16
SKU-4862,469,716,2026-06-18
SKU-5505,74,516,2026-09-25
SKU-8735,443,821.71,2026-10-23
SKU-4820,321,216.51,2026-06-04
SKU-6637,323,N/A,2026-10-17
sku-6467,270,2.14,2026-06-01
SKU-6671,410,,2026-05-22
SKU-2620,276,867.187,2026-09-23
SKU-7141,141,,2026-06-04
SKU-0236,322,524.8,2026-03-06
SKU-8993,188,672.94,2026-03-15
SKU-2854,352,61.7,2026-09-12
SKU-5784,355,268,2026-11-04
SKU-4373,432,197.36,2026-01-13
SKU-6732,339,773.7,2026-07-09
SKU-2513,458,656.2,2026-05-23
SKU-7031,415,580.6,2026-08-11
SKU-7387,11,N/A,2026-11-27
SKU-9139,282,449.080,2026-02-07
SKU-2619,106,862.64,2026-03-03
sku-2024,407,585.8,2026-03-19
SKU-8620,6,364.194,2026-02-25
SKU-0329,282,50,2026-03-08
SKU-5390,135,564,2026-01-17
SKU-5615,56,767.010,2026-12-27
SKU-0871,219,144.303,2026-04-23
SKU-6167,319,766,2026-11-01
SKU-9975,442,129.2,2026-08-13
SKU-9175,207,327.82,2026-06-09
SKU-4033,427,166.813,2026-10-11
SKU-1950,0,668,2026-04-14
SKU-5597,29,310.8,2026-10-01
SKU-8338,279,313.3,2026-10-19
SKU-1052,344,160.396,2026-02-21
SKU-3152,324,986.554,2026-12-09
SKU-1915,381,408,2026-07-05
SKU-4699,340,800.9,2026-03-16
SKU-7871,282,476.4,2026-07-18
sku-2636,162,384.4,2026-03-23
sku-3092,8,455,2026-12-17
SKU-2133,321,932.51,2026-10-19
SKU-9894,430,,2026-01-15
sku-1438,235,,2026-07-19
SKU-7289,108,,2026-07-01
SKU-6830,353,361,2026-02-16
SKU-2150,297,851.834,2026-07-16
SKU-5337,266,N/A,2026-03-21
SKU-4723,406,70.29,2026-06-25
SKU-5960,476,322.675,2026-01-21
sku-5252,169,N/A,2026-10-14
sku-6633,132,913.06,2026-02-01
SKU-6469,444,964.483,2026-02-22
SKU-6472,165,651.45,2026-01-06
SKU-1596,237,318.553,2026-02-20
SKU-8198,359,508.68,2026-08-01
sku-0718,178,486.2,2026-03-17
SKU-1135,184,135.9,2026-11-14
SKU-5165,277,725,2026-02-20
SKU-3768,15,,2026-06-04
SKU-4576,163,976,2026-03-08
SKU-2678,432,72.2,2026-05-12
SKU-2698,212,688.6,2026-09-03
SKU-5316,381,290,2026-08-26
SKU-7276,166,741,2026-07-01
SKU-6759,221,889.7,2026-02-26
sku-5261,199,240.53,2026-07-26
SKU-9840,212,637.74,2026-08-16
SKU-0003,467,897.151,2026-03-06
SKU-9929,80,322.391,2026-02-28
SKU-0649,157,693.8,2026-09-21
SKU-6923,105,116.86,2026-02-23
SKU-0266,260,167,2026-05-15
sku-7251,219,239.1,2026-02-25
SKU-7063,459,N/A,2026-02-02
SKU-1930,195,,2026-03-24
SKU-3393,160,162,2026-05-10
SKU-6402,435,780,2026-07-18
SKU-1859,218,440.00,2026-08-22
sku-4300,296,19.085,2026-09-11
SKU-1416,74,525.037,2026-01-16
SKU-9427,142,866,2026-12-19
SKU-3553,266,903.448,2026-07-08
SKU-4861,438,38.515,2026-09-01
SKU-8792,172,602.7,2026-10-14
SKU-8526,181,48.9,2026-06-15
SKU-2176,294,971.15,2026-08-12
SKU-8980,126,463.760,2026-06-06
SKU-5690,425,893.477,2026-06-10
SKU-5367,432,616.57,2026-09-18
SKU-6904,345,628.0,2026-05-28
SKU-1253,23,418,2026-07-03
SKU-5037,198,143.69,2026-08-24
SKU-0740,370,612.242,2026-09-28
SKU-4254,65,114.921,2026-05-25
SKU-0370,270,N/A,2026-03-01
SKU-4692,259,789.4,2026-06-08
SKU-7174,172,623.397,2026-11-08
sku-5117,348,766,2026-04-10
SKU-9302,148,779.156,2026-10-15
SKU-0497,56,790.94,2026-02-05
SKU-7478,332,698.40,2026-08-09
SKU-5906,236,223.0,2026-09-02
SKU-0838,207,948,2026-10-18
SKU-2819,222,970.14,2026-07-24
SKU-4077,201,307,2026-08-28
SKU-2484,188,321.55,2026-05-19
SKU-5653,108,608.927,2026-09-18
SKU-3788,86,,2026-06-20
SKU-7399,126,465.41,2026-03-23
SKU-7885,196,719.2,2026-12-22
SKU-6012,430,642.9,2026-07-13
sku-6245,385,594.3,2026-03-27
SKU-2664,243,935.256,2026-11-07
SKU-2299,42,484.96,2026-05-20
SKU-5921,437,N/A,2026-09-25
SKU-1477,216,324.73,2026-10-24
SKU-4537,309,303.32,2026-12-01
SKU-0822,256,971.386,2026-11-17
SKU-8411,308,573.6,2026-10-16
sku-4045,434,283.07,2026-08-16
SKU-0655,479,372,2026-07-25
SKU-0065,495,402.064,2026-10-13
SKU-3273,96,410.695,2026-02-13
SKU-6548,162,236.499,2026-05-18
SKU-7699,414,970.6,2026-11-03
SKU-1862,24,170.786,2026-12-17
SKU-8454,13,484.61,2026-11-14
SKU-7325,188,25.828,2026-09-24
SKU-4532,346,507.82,2026-02-12
SKU-5249,105,729.07,2026-05-18
SKU-4072,483,947.94,2026-02-16
SKU-1309,460,561,2026-07-23
SKU-0742,68,810.3,2026-11-07
SKU-2282,256,839.44,2026-11-13
SKU-1804,367,569.23,2026-10-01
SKU-9468,448,239.5,2026-03-01
SKU-7703,456,698.9,2026-10-14
SKU-9387,177,281.9,2026-06-16
SKU-9262,443,874,2026-04-19
SKU-9974,305,376.36,2026-07-03
SKU-3854,65,483.0,2026-11-18
sku-7820,227,385.415,2026-10-22
SKU-7446,70,757,2026-07-05
sku-0689,129,252,2026-06-25
SKU-2926,111,146.622,2026-02-03
SKU-1670,446,534,2026-08-19
SKU-2713,230,2.84,2026-03-27
SKU-7863,280,820.46,2026-07-07
SKU-6445,447,795,2026-12-20
SKU-1486,346,,2026-01-14
SKU-9740,118,148.68,2026-06-20
SKU-5742,14,N/A,2026-08-13
sku-3282,403,267.327,2026-03-16
SKU-2338,437,369,2026-03-06
SKU-2497,137,420.5,2026-03-11
SKU-0369,338,40.74,2026-10-09
SKU-7888,427,,2026-02-04
sku-3277,431,N/A,2026-12-22
SKU-8247,175,504.13,2026-10-09
SKU-8744,195,N/A,2026-12-09
SKU-9464,21,406.10,2026-03-24
SKU-5977,366,713.62,2026-01-21
SKU-3528,162,49.6,2026-03-08
SKU-2159,252,566.37,2026-01-10
SKU-7358,408,,2026-05-24
SKU-2601,131,,2026-02-10
SKU-0719,133,119.6,2026-01-24
sku-4674,347,404.4,2026-12-23
SKU-7843,158,887,2026-12-01
SKU-8865,151,561.1,2026-11-18
SKU-1769,204,572,2026-09-08
SKU-5917,80,457.124,2026-04-20
SKU-2829,1,809.72,2026-09-09
SKU-6802,347,776.749,2026-01-28
SKU-8263,31,692.246,2026-04-27
SKU-1711,210,156.04,2026-02-06
SKU-7736,277,247.3,2026-01-22
SKU-0814,202,17,2026-10-19
SKU-6512,365,,2026-02-07
SKU-5230,144,363,2026-04-23
sku-4412,104,425.9,2026-04-02
SKU-4985,66,280.08,2026-01-26
SKU-7320,56,191.289,2026-07-11
SKU-1783,255,363.1,2026-09-25
SKU-8173,170,549.09,2026-02-20
SKU-5947,98,579.62,2026-11-20
SKU-7125,307,743.79,2026-01-08
SKU-0636,315,,2026-11-08
SKU-7321,399,219.28,2026-02-05
SKU-0396,306,518.56,2026-02-09
SKU-5769,106,827.553,2026-12-20
sku-5503,20,145.976,2026-11-28
SKU-6816,367,418.72,2026-05-03
SKU-3747,8,685,2026-09-27
SKU-0477,9,,2026-09-03
SKU-7156,349,819,2026-07-01
SKU-8176,169,159.7,2026-07-17
SKU-2588,233,364.43,2026-12-18
sku-6464,475,240.3,2026-08-02
SKU-5097,186,484.9,2026-09-04
SKU-9199,463,394.804,2026-03-23
SKU-0207,361,149.77,2026-12-13
SKU-1139,2,542.604,2026-01-24
SKU-0758,23,473.3,2026-04-11
SKU-0938,288,,2026-08-22
SKU-8008,65,955.780,2026-03-25
SKU-1473,146,433.6,2026-07-28
SKU-2591,236,,2026-05-21
sku-8759,146,480.039,2026-12-23
SKU-7871,153,320.43,2026-12-22
sku-3585,259,609.8,2026-08-20
sku-8275,95,344.3,2026-11-01
SKU-0707,150,N/A,2026-03-28
sku-8376,58,,2026-06-06
SKU-3633,476,305.67,2026-05-10
SKU-6137,169,,2026-06-26
SKU-5914,73,829.435,2026-11-27
SKU-3796,395,475.2,2026-05-16
SKU-3072,82,655,2026-09-27
SKU-0720,209,644.81,2026-11-10
SKU-5462,442,893,2026-01-27
SKU-9406,242,206.248,2026-07-05
SKU-4700,217,516.4,2026-10-01
SKU-2866,165,531.312,2026-06-13
SKU-0537,199,627.72,2026-03-17
sku-3888,23,749.925,2026-01-11
SKU-1250,139,N/A,2026-08-05
SKU-9249,57,575,2026-03-03
SKU-4507,228,475.2,2026-09-14
sku-5657,112,876.8,2026-03-14
SKU-5278,140,545.620,2026-10-16
SKU-6892,14,692.54,2026-06-08
SKU-7666,131,482,2026-05-03
sku-8575,244,78.15,2026-07-18
SKU-5548,480,173,2026-05-15
SKU-8303,319,39.04,2026-07-17
SKU-1158,282,775.4,2026-02-13
SKU-4528,496,213,2026-11-16
SKU-3726,89,598.02,2026-09-05
sku-8010,372,N/A,2026-06-16
sku-6134,116,,2026-09-22
SKU-3548,274,230.82,2026-12-28
sku-7067,128,889,2026-02-23
SKU-7409,67,155.93,2026-08-09
SKU-2840,291,905.63,2026-07-04
SKU-8403,3,36,2026-06-24
SKU-4810,93,453.60,2026-07-26
SKU-4933,97,550,2026-04-15
sku-9850,359,151,2026-10-06
SKU-0921,312,125.894,2026-01-17
SKU-5172,339,588.8,2026-08-12
SKU-5725,188,N/A,2026-05-19
sku-3851,251,583.8,2026-03-17
SKU-8588,407,334,2026-08-14
SKU-4500,293,534,2026-09-12
SKU-7690,413,37.73,2026-02-14
SKU-3396,407,149,2026-11-07
SKU-6646,6,432.453,2026-10-27
SKU-2910,419,486,2026-12-28
SKU-0885,63,294.453,2026-03-06
SKU-2549,250,47.9,2026-06-14
sku-2091,444,160.75,2026-05-05
SKU-5511,380,525,2026-07-21
SKU-8930,388,577.7,2026-09-23
SKU-1981,492,,2026-06-06
sku-0488,146,895.3,2026-01-16
SKU-3200,498,582.688,2026-08-22
SKU-0445,265,N/A,2026-09-14
sku-2454,156,827.972,2026-04-08
SKU-0996,422,536.80,2026-05-11
SKU-6048,42,64.6,2026-04-04
SKU-7527,170,82,2026-02-24
SKU-6630,398,842.37,2026-02-27
SKU-3856,34,672.2,2026-07-20
sku-4206,43,,2026-01-12
SKU-1857,73,231,2026-04-19
SKU-3543,489,413.54,2026-12-22
SKU-8145,335,832.09,2026-05-24
SKU-8872,105,102,2026-01-22
SKU-4268,324,926.022,2026-05-02
SKU-5094,306,587,2026-04-08
SKU-9242,323,942.338,2026-04-06
SKU-2613,450,475.5,2026-03-09
SKU-1495,155,48.71,2026-09-28
SKU-6318,29,244.9,2026-10-16
SKU-9627,479,975,2026-09-12
sku-5134,300,N/A,2026-10-08
SKU-4046,388,536.29,2026-06-16
SKU-2275,7,,2026-10-14
SKU-9756,302,767.659,2026-10-10
SKU-5647,449,499,2026-07-11
SKU-7217,219,455.26,2026-07-24
SKU-4381,163,117.4,2026-01-01
SKU-3709,54,508.178,2026-08-11
SKU-9924,354,567.310,2026-07-19
sku-0680,329,564.883,2026-12-22
SKU-9082,388,474.60,2026-10-13
SKU-1843,107,523.890,2026-11-08
SKU-2102,282,336.8,2026-12-04
SKU-0008,6,151.2,2026-02-26
SKU-3270,349,N/A,2026-12-10
SKU-0729,273,823.341,2026-11-14
SKU-5868,323,467,2026-03-04
SKU-8860,72,655,2026-09-25
SKU-9036,385,,2026-09-13
SKU-3876,36,71.030,2026-05-16
SKU-7155,11,582,2026-12-26
SKU-9220,103,549.55,2026-06-25
SKU-1752,441,680.60,2026-08-01
SKU-9804,496,97,2026-11-08
SKU-2164,249,,2026-12-17
SKU-2600,266,301.683,2026-09-01
SKU-5087,211,690,2026-02-23
SKU-9916,296,88,2026-07-06
SKU-3631,184,19.114,2026-01-18
SKU-8172,262,381,2026-03-03
SKU-9457,342,26.45,2026-06-25
SKU-1355,41,905.5,2026-12-24
SKU-1045,216,516.70,2026-01-11
SKU-8818,2,976.045,2026-08-07
SKU-4011,443,884.85,2026-04-04
SKU-7539,212,495.19,2026-01-03
SKU-0495,167,244,2026-05-22
SKU-9120,147,333.2,2026-06-21
SKU-8854,232,713.5,2026-01-15
SKU-1280,150,260.72,2026-06-15
sku-9954,405,525,2026-02-24
SKU-8351,360,469.03,2026-04-01
SKU-7796,256,627.65,2026-12-10
SKU-3271,250,879.7,2026-10-15
SKU-1137,412,330,2026-08-11
SKU-8597,97,494,2026-06-08
SKU-0068,186,12.17,2026-04-24
SKU-1833,365,885.30,2026-06-06
SKU-7406,182,867.698,2026-12-12
SKU-5803,251,464.601,2026-04-03
SKU-4463,471,565,2026-10-04
SKU-2524,345,607.9,2026-06-03
SKU-5663,459,,2026-05-24
SKU-6573,98,541.91,2026-03-15
sku-6603,303,875.507,2026-05-02
SKU-8842,174,144.681,2026-08-01
SKU-0910,123,851,2026-06-01
SKU-5209,387,935.3,2026-01-11
SKU-3705,226,936,2026-08-23
SKU-8234,399,2.2,2026-11-15
SKU-6306,452,N/A,2026-06-06
SKU-3976,51,115.94,2026-01-15
SKU-5214,343,504.8,2026-12-28
SKU-7311,454,650.3,2026-10-09
SKU-3413,442,773.490,2026-02-10
SKU-3839,193,814.02,2026-04-22
SKU-5501,195,389.1,2026-05-14
SKU-6351,427,N/A,2026-06-01
SKU-3590,195,353.904,2026-02-18
SKU-9060,438,339.07,2026-03-19
SKU-3754,43,229.51,2026-12-12
SKU-0381,65,911.719,2026-09-14
SKU-2580,125,278.308,2026-06-13
SKU-6290,271,861,2026-06-14
SKU-3841,169,892,2026-08-26
SKU-1293,132,949.82,2026-10-19
sku-3003,87,216,2026-09-19
SKU-9606,220,,2026-03-10
SKU-0410,139,412.076,2026-03-26
SKU-3548,278,194.12,2026-09-23
SKU-8631,119,18.719,2026-12-24
SKU-3450,224,249.72,2026-11-03
SKU-7226,378,563.6,2026-08-24
SKU-4065,110,41.29,2026-10-03
SKU-1884,427,785.927,2026-12-09
SKU-4523,295,639,2026-12-15
SKU-1801,399,163.8,2026-07-15
SKU-6933,15,162.8,2026-03-10
SKU-2241,229,314,2026-02-14
SKU-6567,294,714.01,2026-08-17
SKU-6873,421,520.2,2026-02-18
SKU-5265,374,940.49,2026-02-20
SKU-3287,477,551,2026-04-13
sku-0718,306,500,2026-07-18
SKU-6598,55,324.2,2026-10-13
SKU-6106,140,605.44,2026-09-04
SKU-4330,392,550.79,2026-09-05
SKU-3245,164,39.1,2026-04-05
SKU-8964,363,702.328,2026-01-04
SKU-9883,392,620,2026-06-13
sku-5263,33,384,2026-03-15
SKU-2152,353,N/A,2026-07-11
SKU-9684,74,355.104,2026-09-21
sku-8380,158,625.693,2026-05-26
SKU-4703,401,,2026-02-25
SKU-0716,461,754,2026-11-24
SKU-4218,295,135.205,2026-07-06
SKU-8912,282,876,2026-06-24
SKU-1842,398,601.307,2026-11-05
SKU-3125,382,760.621,2026-06-03
SKU-4885,229,438.232,2026-02-24
SKU-8677,447,270,2026-07-22
sku-8519,483,798.69,2026-02-07
SKU-2426,286,529.68,2026-04-05
sku-3054,143,419.05,2026-10-17
SKU-1587,259,806,2026-07-06
SKU-2776,18,979.80,2026-02-08
SKU-8770,54,746.252,2026-06-22
SKU-9657,190,683.92,2026-06-05
SKU-9917,141,272.936,2026-05-05
SKU-8776,400,89.167,2026-07-04
SKU-8581,91,447.93,2026-01-09
SKU-4647,457,148.430,2026-02-25
SKU-5382,412,420.9,2026-03-03
SKU-0448,196,851,2026-05-28
SKU-4912,35,711.389,2026-02-18
SKU-4144,52,465,2026-06-20
SKU-5843,15,933,2026-06-25
SKU-5297,430,751.02,2026-04-23
SKU-3176,290,230.01,2026-04-03
SKU-6044,346,85.2,2026-02-06
SKU-7118,271,771.336,2026-02-12
SKU-2814,89,443.73,2026-05-09
SKU-3141,180,667.6,2026-01-12
sku-3662,13,853.09,2026-03-22
SKU-4271,195,272,2026-03-09
SKU-2950,173,744.90,2026-03-21
SKU-8401,413,598.729,2026-12-17
sku-0482,95,240.903,2026-05-04
SKU-0124,423,314.30,2026-01-15
SKU-8733,413,155.5,2026-12-06
SKU-4761,305,280.395,2026-12-23
SKU-8481,412,37.79,2026-11-07
SKU-2446,207,120,2026-02-09
sku-5430,131,201,2026-09-11
SKU-9574,327,630.303,2026-10-06
SKU-3969,274,276.3,2026-12-12
SKU-3339,189,558.73,2026-02-22
SKU-5084,442,N/A,2026-10-27
SKU-2436,273,304,2026-02-09
SKU-2911,2,248.45,2026-05-01
SKU-4293,398,272.087,2026-11-09
SKU-8149,194,968.2,2026-04-26
SKU-8952,142,692,2026-11-01
SKU-6497,260,513.62,2026-11-14
SKU-0233,144,15.04,2026-05-10
sku-0389,213,363.218,2026-09-05
SKU-1729,174,567.3,2026-12-11
SKU-3600,487,385.1,2026-05-21
SKU-2871,163,678.48,2026-05-11
sku-3555,120,265,2026-12-12
SKU-3694,102,930.22,2026-11-24
SKU-3613,275,632.89,2026-08-12
SKU-4714,157,617.546,2026-03-05
SKU-2569,412,,2026-05-20
SKU-0386,449,744.604,2026-02-16
SKU-8867,2,388.01,2026-02-17
SKU-9207,64,875.583,2026-11-13
SKU-3980,489,224.72,2026-07-24
SKU-1388,139,307.630,2026-06-07
SKU-1660,46,694.899,2026-07-28
SKU-0793,492,931.1,2026-08-28
SKU-6790,332,117.948,2026-08-09
SKU-3635,160,192.18,2026-03-11
SKU-0697,163,558.11,2026-08-14
SKU-9718,325,342.97,2026-04-11
SKU-0328,395,362.480,2026-09-24
SKU-7433,105,8,2026-10-04
sku-9494,136,,2026-05-24
sku-3044,280,545.562,2026-07-14
SKU-9522,421,678,2026-01-02
SKU-5821,344,484.1,2026-06-04
SKU-5401,156,327.6,2026-08-17
SKU-8404,172,368.83,2026-09-21
SKU-6086,376,214.93,2026-05-23
SKU-3618,254,243,2026-03-08
SKU-1288,408,781.43,2026-09-17
SKU-9602,363,634.5,2026-07-17
SKU-6930,356,567.9,2026-07-18
SKU-2877,122,999,2026-07-25
SKU-3163,371,790.791,2026-12-08
SKU-0744,366,25.41,2026-04-13
SKU-4289,208,968.76,2026-02-21
SKU-6661,425,679.732,2026-05-12
SKU-2985,210,60.9,2026-07-10
sku-1338,279,889.6,2026-09-17
SKU-6821,317,89,2026-10-06
SKU-1224,48,155,2026-02-22
sku-6349,69,,2026-04-14
SKU-5216,45,179,2026-04-20
SKU-4326,183,29.353,2026-12-23
SKU-2035,350,311,2026-02-09
SKU-6868,278,887.238,2026-08-10
SKU-7367,305,561.6,2026-12-20
SKU-8209,215,634,2026-10-17
SKU-1609,481,85.8,2026-12-05
SKU-3341,177,690.56,2026-07-01
SKU-3749,67,920.02,2026-09-27
SKU-2973,38,306.955,2026-08-20
SKU-5308,179,633,2026-04-20
sku-9571,233,603.2,2026-06-22
SKU-4887,461,777.5,2026-12-08
SKU-9027,92,656,2026-02-25
SKU-4934,45,831,2026-06-03
SKU-5937,38,570.1,2026-04-07
sku-2124,165,711,2026-09-05
SKU-8434,86,582,2026-08-22
SKU-7374,73,126.49,2026-11-18
SKU-2927,475,70.613,2026-07-23
SKU-5599,401,646.2,2026-07-17
SKU-4919,193,846.924,2026-07-21
SKU-1070,387,58.594,2026-03-10
SKU-5779,18,994.7,2026-04-27
SKU-8344,462,918,2026-01-28
SKU-8482,432,,2026-01-19
SKU-2211,168,885.387,2026-02-26
SKU-8589,210,353,2026-09-08
SKU-2409,161,709.66,2026-04-13
SKU-1820,211,291.27,2026-01-01
SKU-6476,26,253.8,2026-12-01
SKU-8922,442,740,2026-05-20
SKU-3045,120,186.74,2026-01-27
SKU-8603,327,646.5,2026-05-27
SKU-7393,39,780.22,2026-08-21
SKU-0501,174,902.81,2026-06-05
SKU-9460,377,133.70,2026-02-24
SKU-4642,462,,2026-07-23
SKU-7299,86,974.080,2026-11-08
SKU-6420,93,258.67,2026-12-23
SKU-1287,414,50,2026-01-19
SKU-2938,177,372.909,2026-10-05
SKU-9650,362,45.99,2026-09-13
SKU-5349,153,367,2026-08-20
SKU-5468,280,647,2026-12-20
SKU-3940,146,979.4,2026-04-16
SKU-8314,83,679.6,2026-05-13
SKU-4822,381,658.845,2026-01-01
SKU-8554,158,393,2026-12-26
SKU-5727,375,298.4,2026-11-06
SKU-9442,318,535.9,2026-05-06
SKU-9100,410,920.375,2026-06-24
SKU-1180,415,,2026-06-10
SKU-8530,20,167.5,2026-11-28
SKU-7091,184,485.17,2026-12-01
SKU-6836,323,,2026-01-02
SKU-0649,256,922.188,2026-01-11
sku-6409,260,402.8,2026-06-09
SKU-0566,483,343,2026-07-10
SKU-8170,493,,2026-08-14
SKU-8186,33,710.1,2026-05-02
SKU-8438,224,143.741,2026-12-07
SKU-2264,47,N/A,2026-01-22
SKU-9278,424,460,2026-08-24
SKU-0463,392,407,2026-07-28
SKU-4004,152,582.3,2026-03-12
SKU-3507,373,498,2026-07-07
SKU-9876,166,24.009,2026-12-19
SKU-0050,406,214.5,2026-09-22
SKU-9902,109,268,2026-11-05
SKU-8026,456,917.419,2026-03-12
SKU-2872,21,261.3,2026-10-15
sku-8196,270,69,2026-07-03
SKU-2947,468,808.4,2026-06-18
SKU-5300,452,334.639,2026-05-13
SKU-9134,268,685.110,2026-01-04
sku-0783,63,103.60,2026-02-01
SKU-1594,433,395.70,2026-04-16
sku-7269,439,N/A,2026-09-03
SKU-1483,35,121.90,2026-12-05
SKU-2408,431,310.59,2026-05-06
SKU-7906,403,773,2026-08-28
SKU-1584,12,655.37,2026-02-15
SKU-5489,313,143,2026-10-27
SKU-5080,296,638.2,2026-10-06
SKU-9236,23,831.02,2026-12-20
SKU-8098,148,910.26,2026-06-25
SKU-1209,135,35.11,2026-04-24
SKU-7813,401,888.110,2026-08-09
SKU-9140,252,N/A,2026-07-10
SKU-8009,210,313.61,2026-07-05
SKU-3459,117,266.449,2026-01-22
sku-1567,315,713.872,2026-01-28
SKU-9762,298,,2026-04-20
SKU-9352,442,170.68,2026-10-16
SKU-8751,297,76.608,2026-04-14
sku-9202,156,402.175,2026-01-11
sku-2642,474,823,2026-02-05
SKU-9419,276,513.273,2026-12-04
SKU-1368,444,426,2026-03-06
SKU-0708,197,876,2026-10-17
SKU-2614,174,231.71,2026-03-12
sku-2427,181,745.8,2026-12-28
SKU-5323,105,645.61,2026-09-02
SKU-0773,495,663,2026-04-25
SKU-1866,117,507,2026-04-07
SKU-3223,464,782.30,2026-11-17
SKU-1018,97,326,2026-04-23
SKU-9293,415,118,2026-08-15
sku-2904,59,715,2026-10-12
SKU-1404,146,722.54,2026-09-09
sku-3929,181,381,2026-03-28
SKU-1442,238,,2026-05-28
SKU-6342,15,674,2026-12-04
SKU-6959,105,463.9,2026-01-07
SKU-2784,480,888.669,2026-09-26
SKU-1678,307,531.3,2026-12-02
SKU-1933,482,275.9,2026-04-02
SKU-1579,276,97.061,2026-03-19
SKU-0565,239,274,2026-10-06
SKU-0815,216,551,2026-05-25
SKU-6852,473,100.6,2026-09-25
SKU-5712,157,306.43,2026-10-05
SKU-7472,80,946,2026-07-28
SKU-4339,201,128.7,2026-01-19
SKU-0472,117,368.7,2026-10-08
SKU-9388,267,124.8,2026-04-02
SKU-3414,174,114.378,2026-10-24
SKU-8797,102,284.541,2026-06-26
SKU-9853,311,200.8,2026-10-09
SKU-6885,365,83.1,2026-08-02
SKU-7351,383,,2026-03-23
SKU-0160,174,291.2,2026-09-22
SKU-0402,470,555.2,2026-10-17
SKU-8711,80,368.1,2026-01-15
SKU-4765,6,37.0,2026-07-09
SKU-4997,500,756.257,2026-01-23
SKU-6430,79,169,2026-07-22
SKU-5922,422,734.9,2026-02-19
SKU-7772,38,37.497,2026-08-12
SKU-7755,319,171.7,2026-09-09
sku-9915,499,431.3,2026-09-08
SKU-5683,166,640,2026-04-20
sku-5197,471,N/A,2026-12-14
SKU-7331,433,951.270,2026-03-27
SKU-5050,338,688,2026-01-02
SKU-6326,202,596,2026-06-23
SKU-6576,182,428.5,2026-10-02
SKU-5899,266,384,2026-01-21
SKU-9423,323,770.196,2026-07-25
SKU-5125,21,734.026,2026-05-14
SKU-4028,474,840,2026-05-03
SKU-2073,421,899,2026-01-14
SKU-8900,138,364.756,2026-04-05
SKU-4054,74,501,2026-03-18
SKU-7162,356,989,2026-02-08
SKU-0846,70,827.89,2026-04-23
SKU-2104,105,96.13,2026-10-04
SKU-5358,462,168,2026-02-25
SKU-4820,314,245.4,2026-10-08
SKU-1712,224,364.99,2026-11-20
SKU-9684,74,797,2026-11-27
SKU-2924,160,,2026-10-18
SKU-8937,64,N/A,2026-09-20
SKU-6096,416,578.356,2026-02-10
SKU-2573,64,51,2026-12-07
SKU-0955,272,599,2026-08-09
SKU-2067,180,550,2026-01-11
SKU-9643,363,628.1,2026-09-16
SKU-0705,213,169,2026-07-04
SKU-4413,189,585,2026-08-05
SKU-0481,463,608,2026-10-17
SKU-6705,84,561.672,2026-07-09
SKU-4397,326,940.342,2026-08-18
SKU-0981,29,527.853,2026-07-09
SKU-1320,94,611,2026-01-20
SKU-9828,86,705.2,2026-08-19
SKU-2341,59,290.125,2026-12-26
SKU-8307,477,358.9,2026-03-12
SKU-2406,56,785.254,2026-08-12
SKU-6112,152,927.07,2026-04-10
SKU-6686,123,240.48,2026-03-28
sku-2845,489,N/A,2026-05-26
SKU-1850,484,226.905,2026-02-23
SKU-6027,355,537.767,2026-05-10
SKU-4313,416,N/A,2026-01-26
sku-3156,85,196.22,2026-02-02
SKU-9089,396,678.43,2026-08-19
sku-1903,291,158,2026-12-14
SKU-8267,392,N/A,2026-01-13
SKU-4631,495,245.6,2026-03-14
SKU-7287,164,285.547,2026-01-07
SKU-2797,27,122.31,2026-06-24
SKU-9339,28,519.024,2026-06-06
sku-6614,70,513.5,2026-04-27
SKU-4401,377,,2026-05-10
SKU-2587,175,337.6,2026-02-27
SKU-1622,471,670.76,2026-04-06
SKU-5475,394,438.323,2026-04-12
SKU-4945,295,71.5,2026-03-10
SKU-9997,216,416.2,2026-09-12
SKU-6372,136,414,2026-12-11
SKU-3942,349,274,2026-01-17
SKU-2796,124,N/A,2026-12-15
SKU-3002,275,454.142,2026-02-24
SKU-5031,471,N/A,2026-11-11
SKU-4712,272,266.0,2026-06-05
sku-9484,174,939,2026-06-01
SKU-2637,117,N/A,2026-06-14
SKU-4087,306,165,2026-09-08
sku-1945,183,566.5,2026-05-19
SKU-3987,415,266.4,2026-12-24
SKU-5932,489,613.8,2026-01-13
sku-3373,475,755.6,2026-08-16
SKU-2266,181,279.3,2026-12-03
sku-1162,48,989.68,2026-10-25
SKU-7650,122,906.064,2026-01-28
SKU-5628,60,6.6,2026-08-27
SKU-1528,370,173.4,2026-10-19
sku-4895,486,72.682,2026-05-09
SKU-1506,330,862.278,2026-12-28
SKU-6542,239,14.986,2026-06-18
SKU-3707,473,11,2026-06-28
SKU-5859,236,932,2026-06-07
SKU-7623,270,71.971,2026-04-06
SKU-0271,154,307.102,2026-07-19
SKU-9493,193,871.781,2026-08-22
sku-7021,395,442.7,2026-08-23
SKU-6234,225,,2026-03-06
SKU-5581,133,373.776,2026-05-05
SKU-8995,312,813.9,2026-05-02
SKU-7242,148,688.979,2026-10-11
SKU-8649,273,887.23,2026-12-24
SKU-7553,417,144.80,2026-07-17
SKU-6580,360,523.6,2026-06-11
sku-2594,325,39.0,2026-02-24
SKU-0832,119,589.56,2026-01-23
sku-7486,486,485.986,2026-02-06
SKU-3581,475,850,2026-06-01
SKU-5396,81,297,2026-03-15
SKU-8261,67,132.38,2026-06-18
SKU-9171,52,775.09,2026-04-18
SKU-1460,421,687.15,2026-11-10
SKU-9961,44,604.271,2026-04-23
SKU-1452,108,916,2026-04-13
SKU-5350,291,929.42,2026-09-24
SKU-2567,307,196.66,2026-03-07
sku-0173,264,967.317,2026-04-01
sku-8286,162,529.879,2026-08-15
SKU-4125,375,146.53,2026-03-22
sku-0826,174,812.12,2026-09-26
SKU-3307,200,935.7,2026-12-21
SKU-4186,350,1.76,2026-04-06
sku-3801,178,N/A,2026-04-05
sku-7485,204,451.6,2026-07-20
SKU-0698,88,624.5,2026-12-15
SKU-4953,319,105.848,2026-08-21
SKU-1414,238,,2026-06-07
SKU-3227,205,747,2026-05-11
sku-6932,279,464.11,2026-06-26
sku-4545,324,233,2026-01-18
SKU-6300,214,148.845,2026-11-19
SKU-0553,285,308.6,2026-01-27
SKU-9834,335,749.819,2026-08-01
SKU-7520,472,881.262,2026-08-27
SKU-1065,38,591.0,2026-01-18
SKU-3741,274,389,2026-04-18
SKU-7397,459,519,2026-11-07
SKU-3320,155,80.6,2026-05-04
SKU-2431,497,645,2026-12-16
SKU-7868,20,322.571,2026-02-04
SKU-9741,60,650.3,2026-07-15
SKU-1295,355,479.911,2026-07-27
SKU-5656,95,150,2026-04-10
SKU-1551,5,31.624,2026-03-13
sku-1824,287,923,2026-01-04
SKU-0508,229,935.69,2026-12-21
SKU-0994,202,576.6,2026-09-08
SKU-9469,323,259,2026-03-25
sku-7026,365,473.0,2026-04-02
SKU-4169,137,811.94,2026-09-18
SKU-1780,488,301.0,2026-04-13
SKU-5361,469,148.22,2026-08-04
SKU-1710,20,634.8,2026-11-28
SKU-2881,206,872.71,2026-10-16
SKU-5590,463,900.124,2026-09-14
SKU-2287,324,925.962,2026-07-01
SKU-8846,360,48.5,2026-12-27
SKU-1467,298,288.2,2026-01-01
SKU-3201,48,478.734,2026-08-22
SKU-6489,24,240.0,2026-08-10
sku-9679,441,61,2026-05-02
SKU-2252,11,483.964,2026-09-05
SKU-4086,70,N/A,2026-09-04
SKU-2389,294,347.29,2026-10-19
SKU-0001,224,822.200,2026-04-09
SKU-3197,233,948.58,2026-02-04
SKU-2638,31,73.20,2026-09-21
SKU-4574,243,447.37,2026-08-15
SKU-7420,494,647.8,2026-11-23
SKU-0700,449,N/A,2026-11-11
SKU-9102,358,782.48,2026-06-05
sku-2384,51,819.88,2026-12-16
SKU-9885,429,N/A,2026-05-12
sku-9347,371,576.9,2026-12-26
SKU-0311,362,552.5,2026-03-20
SKU-4023,52,662.2,2026-05-10
SKU-1059,357,122.88,2026-05-11
SKU-3828,291,,2026-02-21
SKU-6917,350,258.1,2026-07-06
SKU-0114,154,398.49,2026-07-26
sku-7637,30,28,2026-03-11
SKU-7931,29,405.2,2026-12-01
SKU-4164,221,397.419,2026-05-08
SKU-4777,354,773.986,2026-05-17
SKU-2301,18,N/A,2026-12-24
SKU-5179,67,N/A,2026-09-07
SKU-8089,422,190,2026-11-19
SKU-3010,198,13.0,2026-02-11
SKU-9744,173,484,2026-11-05
sku-5088,346,731.10,2026-09-02
SKU-1460,165,820.88,2026-06-15
SKU-5888,52,611.3,2026-03-13
SKU-7856,435,134.5,2026-10-16
SKU-2167,82,312.717,2026-11-13
SKU-9149,133,40.1,2026-11-04
SKU-8063,60,573.9,2026-11-24
SKU-9040,273,194.9,2026-11-19
SKU-1896,139,146.041,2026-08-28
SKU-3005,326,809.0,2026-10-17
SKU-3844,495,728.021,2026-09-16
SKU-5703,421,954.17,2026-09-27
sku-2644,278,334.3,2026-04-13
SKU-1743,24,502.678,2026-02-01
SKU-2169,321,964.82,2026-04-21
SKU-3875,21,872.95,2026-01-26
SKU-1874,42,541.49,2026-10-11
SKU-2470,7,442,2026-01-28
SKU-4099,187,514.2,2026-10-18
SKU-2371,233,977.8,2026-08-06
SKU-1731,201,953.245,2026-01-25
SKU-6495,175,394.61,2026-06-03
SKU-9227,336,372.3,2026-01-11
SKU-1483,314,820.73,2026-03-19
SKU-3643,365,636.126,2026-01-16
SKU-3446,173,,2026-12-28
SKU-0591,276,707,2026-12-26
SKU-0866,154,700.08,2026-11-19
SKU-4907,187,502.28,2026-03-08
SKU-0060,489,639.499,2026-07-02
SKU-7321,185,319.065,2026-04-08
SKU-6358,13,929.9,2026-04-23
SKU-7089,466,528,2026-06-01
SKU-3352,370,777.12,2026-07-27
SKU-4005,92,204.37,2026-07-07
SKU-9155,423,296.55,2026-05-12
SKU-3734,473,511.833,2026-10-19
SKU-7643,266,885.670,2026-07-20
SKU-5392,308,394.9,2026-05-12
SKU-5924,161,970,2026-03-20
SKU-3342,145,374.1,2026-06-08
SKU-4224,388,338.1,2026-09-17
SKU-4015,67,363.937,2026-10-05
SKU-3324,23,133.03,2026-12-21
SKU-8313,184,517,2026-05-19
sku-5053,476,149,2026-12-26
sku-2001,448,666,2026-07-17
SKU-5949,450,532.5,2026-10-08
SKU-6343,224,25,2026-11-13
SKU-5809,98,109.979,2026-10-21
SKU-9188,121,729,2026-12-10
sku-4542,375,454.661,2026-09-23
sku-7542,310,2.15,2026-04-21
SKU-1983,225,731.1,2026-12-21
SKU-0835,495,896,2026-10-05
SKU-1573,310,458.42,2026-07-23
SKU-7877,419,594,2026-11-19
SKU-3346,233,699.735,2026-09-20
SKU-8769,296,450.798,2026-03-13
sku-8621,392,108.084,2026-07-13
SKU-3429,134,885.5,2026-07-13
SKU-8969,94,574.476,2026-12-25
SKU-2514,23,486.1,2026-11-19
SKU-0154,383,658.1,2026-12-07
SKU-9441,201,745.245,2026-08-09
SKU-1812,147,786,2026-11-12
SKU-5953,490,656.17,2026-12-14
sku-7096,386,810.4,2026-12-09
SKU-7801,432,N/A,2026-12-09
SKU-9870,19,325.26,2026-11-21
SKU-0476,369,33,2026-02-19
SKU-9436,245,579.96,2026-01-20
sku-2751,162,896.092,2026-04-10
SKU-6589,63,965.97,2026-11-02
SKU-5743,489,597.56,2026-03-27
SKU-8221,302,753.29,2026-04-28
SKU-5016,168,706.550,2026-04-09
SKU-4112,90,N/A,2026-11-10
SKU-5467,274,,2026-11-03
SKU-9471,447,122,2026-04-02
sku-9791,35,577.86,2026-01-25
SKU-5945,457,58,2026-10-25
SKU-7340,473,105,2026-06-05
SKU-6832,355,67,2026-05-26
sku-8336,395,,2026-11-18
SKU-6778,419,706.3,2026-07-05
SKU-9461,373,741.691,2026-11-16
SKU-5024,170,402,2026-05-08
SKU-0066,316,672.87,2026-08-07
SKU-3864,414,248.4,2026-06-08
SKU-3153,373,121.7,2026-04-04
SKU-1521,66,N/A,2026-12-11
SKU-8592,217,162.907,2026-11-26
SKU-3021,42,919.802,2026-12-16
SKU-3512,391,831,2026-12-13
sku-5502,432,,2026-05-25
SKU-7873,392,917.04,2026-07-21
SKU-1500,455,98,2026-12-10
SKU-6099,479,834.6,2026-11-23
SKU-9843,404,374,2026-11-26
SKU-4641,251,685.786,2026-09-07
SKU-5000,70,346.3,2026-08-23
SKU-0272,423,720.07,2026-05-20
SKU-4232,401,118.769,2026-09-14
SKU-7434,227,768.95,2026-10-10
SKU-4900,489,821.362,2026-02-13
SKU-7493,325,274,2026-11-13
SKU-6036,63,346.74,2026-05-24
SKU-3454,397,331,2026-11-18
SKU-3767,95,11.13,2026-08-16
sku-4056,420,968,2026-08-13
SKU-5669,61,406.39,2026-11-02
SKU-2303,201,192.9,2026-04-27
SKU-1942,118,535.65,2026-10-08
SKU-7368,313,184.55,2026-01-12
sku-9306,337,525.523,2026-06-20
SKU-8474,56,783.8,2026-02-06
SKU-5537,254,179.783,2026-12-28
SKU-9338,343,96.512,2026-08-27
SKU-2550,191,318,2026-02-02
SKU-0941,330,384,2026-03-20
SKU-1827,408,431.0,2026-01-02
sku-9010,463,452.2,2026-11-20
SKU-0989,319,167.7,2026-06-11
sku-1512,109,785,2026-03-09
SKU-8423,51,N/A,2026-08-28
sku-8621,168,320.802,2026-04-17
sku-9957,24,,2026-04-23
SKU-6303,335,714,2026-07-26
SKU-5600,209,470.3,2026-02-09
SKU-2975,16,887.8,2026-01-16
SKU-4201,433,881,2026-05-24
SKU-8145,346,353.207,2026-08-02
SKU-1457,37,263,2026-04-04
SKU-2952,406,124.80,2026-03-19
SKU-3891,47,441.2,2026-06-24
SKU-4947,21,17.0,2026-11-18
SKU-6208,245,968,2026-04-12
SKU-5936,498,433.835,2026-07-18
SKU-1423,452,819.49,2026-12-24
sku-7308,121,,2026-12-19
SKU-5168,437,276.60,2026-12-06
SKU-1063,45,N/A,2026-06-09
sku-0544,137,717,2026-05-09
SKU-7344,89,938.136,2026-03-23
SKU-7095,42,767.39,2026-06-26
SKU-6085,237,579.8,2026-08-18
SKU-2625,400,552.4,2026-12-06
SKU-2151,396,213,2026-06-10
SKU-8321,217,258.52,2026-06-23
SKU-8031,479,557.9,2026-04-26
SKU-0800,480,255,2026-11-28
SKU-2586,165,212.8,2026-03-13
SKU-3065,109,408.1,2026-03-01
SKU-3159,220,65,2026-07-16
sku-3743,347,N/A,2026-08-06
SKU-9959,43,,2026-12-20
SKU-6214,35,907.5,2026-11-07
SKU-2884,288,900.9,2026-08-25
sku-8273,115,134,2026-02-18
SKU-7581,126,879.097,2026-05-09
SKU-1722,198,623.6,2026-12-02
SKU-4360,75,491.961,2026-03-19
SKU-8936,153,162.096,2026-01-15
SKU-1330,2,849.47,2026-11-14
SKU-7266,350,447.742,2026-07-20
SKU-1652,13,870.78,2026-06-14
SKU-2433,272,434.281,2026-08-23
SKU-9172,237,562.8,2026-05-28
SKU-0009,243,851.72,2026-12-02
SKU-2068,305,392.2,2026-12-23
SKU-5473,50,727.822,2026-11-25
SKU-2050,338,261.34,2026-02-01
SKU-4628,478,572,2026-01-03
SKU-9265,497,744,2026-08-02
SKU-5545,213,571,2026-11-17
SKU-6051,298,774.14,2026-07-03
SKU-7893,109,680.7,2026-05-16
SKU-6280,123,874.54,2026-04-20
SKU-1394,119,829,2026-03-27
SKU-7805,253,303,2026-11-23
SKU-8348,172,138.246,2026-07-18
SKU-0598,404,N/A,2026-08-16
SKU-6446,15,472.62,2026-02-04
SKU-5154,458,229.2,2026-03-05
SKU-6532,381,N/A,2026-12-18
SKU-2171,47,755.7,2026-01-12
SKU-6762,235,608,2026-06-06
SKU-8861,352,234.34,2026-03-22
sku-9450,29,295,2026-01-16
SKU-2253,376,N/A,2026-05-27
sku-1097,8,,2026-11-26
SKU-6623,256,984.07,2026-09-13
SKU-9426,327,787.734,2026-05-23
SKU-4515,434,601.50,2026-12-24
SKU-5631,35,52.667,2026-09-10
SKU-2031,205,684,2026-01-13
SKU-2771,207,903.776,2026-01-28
SKU-7083,117,398,2026-12-13
SKU-2721,310,101,2026-04-21
sku-5749,385,64,2026-12-04
SKU-3736,444,180.06,2026-07-15
SKU-4740,329,698.6,2026-10-19
SKU-1462,241,452.1,2026-06-16
SKU-6682,269,160.033,2026-06-12
SKU-4018,28,,2026-04-17
SKU-4867,287,58.4,2026-12-21
SKU-9003,382,588.2,2026-10-18
SKU-7268,229,265,2026-02-28
SKU-4686,197,518.2,2026-01-07
SKU-0217,12,151.2,2026-03-17
SKU-7682,108,113,2026-06-21
sku-0064,287,762.90,2026-09-15
SKU-3336,29,224.499,2026-02-03
SKU-0645,313,300.0,2026-08-14
SKU-2589,74,,2026-12-25
sku-3240,401,485.71,2026-02-03
SKU-1966,103,922,2026-10-12
SKU-1764,410,903,2026-02-28
SKU-2862,141,330.375,2026-05-26
sku-0998,476,401.78,2026-06-06
SKU-5190,458,709.851,2026-02-11
SKU-6118,100,954.27,2026-10-21
SKU-9512,144,836.24,2026-04-18
sku-6253,330,557.451,2026-12-18
SKU-7390,115,662,2026-02-16
SKU-1132,124,,2026-10-27
SKU-8783,295,50,2026-09-01
SKU-3518,9,920.3,2026-05-05
SKU-8304,220,423,2026-07-07
SKU-6006,208,423,2026-07-21
SKU-8427,102,N/A,2026-09-01
SKU-0319,476,N/A,2026-11-27
SKU-6297,254,,2026-06-05
SKU-4325,106,19,2026-07-08
SKU-3557,495,727.722,2026-10-10
SKU-3266,254,773.871,2026-09-11
SKU-9284,56,500.896,2026-08-01
SKU-4077,215,344.1,2026-01-09
SKU-3641,0,776.274,2026-05-06
SKU-0801,287,282.9,2026-05-28
SKU-9640,485,911.38,2026-11-25
SKU-4490,303,6.738,2026-11-14
sku-3634,329,862.104,2026-04-16
SKU-8948,239,539,2026-07-19
SKU-1647,78,388.9,2026-06-27
SKU-5915,78,755.03,2026-05-16
SKU-8533,415,298.6,2026-07-04
SKU-6091,158,797,2026-06-07
SKU-5672,386,867,2026-12-17
SKU-4539,186,164.47,2026-11-08
SKU-0656,236,754,2026-06-22
SKU-3414,198,569,2026-09-23
SKU-3931,115,,2026-02-06
SKU-6535,239,818.29,2026-02-15
SKU-9749,474,687.9,2026-03-03
SKU-7873,21,476,2026-11-08
SKU-1364,200,993.50,2026-10-24
sku-9923,352,964.12,2026-03-16
SKU-2955,430,353,2026-07-19
SKU-0849,429,451.8,2026-11-02
SKU-5945,151,290,2026-01-07
SKU-6688,93,59.247,2026-10-06
SKU-0280,293,N/A,2026-07-21
SKU-3239,280,663,2026-04-23
SKU-0016,108,409.5,2026-06-22
SKU-9208,498,577.84,2026-07-12
SKU-9568,108,758.7,2026-02-05
SKU-7988,359,835.44,2026-06-04
SKU-1053,355,765,2026-02-16
SKU-0620,454,343.3,2026-02-23
SKU-4838,279,270,2026-04-20
SKU-3121,329,456.462,2026-08-06
SKU-0979,434,N/A,2026-03-08
sku-6871,132,N/A,2026-02-26
SKU-4311,454,775.0,2026-03-21
SKU-0434,464,613,2026-02-14
sku-4943,116,647.672,2026-04-14
SKU-5640,377,827.8,2026-12-02
SKU-1179,37,938.9,2026-01-04
SKU-9032,310,405.86,2026-03-07
SKU-1681,448,821.24,2026-06-22
SKU-5012,241,331.442,2026-09-21
SKU-6837,412,218.527,2026-12-14
SKU-6332,365,796.178,2026-12-16
SKU-9536,18,80.200,2026-12-09
SKU-1329,299,605.7,2026-06-22
SKU-4037,129,539,2026-10-22
SKU-6506,194,794.437,2026-04-06
SKU-2541,75,752.444,2026-01-05
SKU-9282,195,527.17,2026-08-16
SKU-6660,283,314.8,2026-08-24
SKU-9381,407,166.9,2026-12-26
SKU-8194,203,N/A,2026-11-16
SKU-4904,247,480.0,2026-04-22
SKU-4548,32,392.23,2026-03-15
SKU-3713,36,141.58,2026-03-14
SKU-1776,175,67,2026-10-14
SKU-2465,411,606,2026-11-06
sku-4988,79,N/A,2026-12-28
SKU-4161,464,210.63,2026-07-06
SKU-7643,437,63.13,2026-03-13
SKU-0286,386,478.500,2026-03-11
SKU-2396,330,846.568,2026-04-13
SKU-4680,438,506.667,2026-08-06
sku-3677,3,410,2026-12-04
SKU-9451,150,497.860,2026-09-03
SKU-2036,497,210,2026-02-18
sku-5326,475,N/A,2026-05-03
SKU-7106,327,141.3,2026-12-11
SKU-0369,278,348.5,2026-08-12
sku-3762,364,889.696,2026-11-23
SKU-0437,426,717.512,2026-12-18
SKU-9473,302,N/A,2026-07-24
sku-7541,347,,2026-06-23
sku-1794,491,622,2026-03-10
SKU-7245,454,576.54,2026-11-26
SKU-0218,174,601.1,2026-03-26
SKU-0109,493,98.2,2026-01-26
SKU-7973,73,961.38,2026-05-15
SKU-8180,491,582.32,2026-05-12
SKU-4894,154,304,2026-05-15
SKU-3823,317,,2026-12-22
SKU-8904,408,986.69,2026-05-20
sku-6260,478,30,2026-09-04
SKU-2967,465,N/A,2026-12-09
SKU-6321,47,320.9,2026-07-09
SKU-7255,27,N/A,2026-12-19
SKU-3192,404,522,2026-04-05
SKU-5427,167,127.07,2026-06-21
SKU-3221,197,800.2,2026-10-13
SKU-7149,336,643.332,2026-10-15
SKU-0100,246,884.118,2026-09-05
SKU-0360,315,353.750,2026-12-28
SKU-2526,94,245.2,2026-05-02
SKU-9361,8,2.3,2026-02-05
SKU-6401,483,509.2,2026-11-09
SKU-4705,3,755.463,2026-01-25
SKU-1282,335,264.121,2026-06-21
SKU-9726,223,418.629,2026-07-26
SKU-7309,480,N/A,2026-04-14
SKU-6636,500,306,2026-03-20
sku-9285,12,376.4,2026-11-22
SKU-6963,375,353.324,2026-03-14
SKU-8422,7,N/A,2026-11-08
SKU-5661,426,240.9,2026-05-16
SKU-0009,433,643.2,2026-04-04
sku-0211,237,31.136,2026-04-14
SKU-6531,150,326.09,2026-12-03
SKU-9930,439,948.43,2026-11-16
SKU-5383,430,150.2,2026-02-06
SKU-9756,75,157.95,2026-09-19
SKU-0550,201,12.97,2026-02-12
SKU-8295,239,453.95,2026-10-02
SKU-6647,232,123.6,2026-06-05
SKU-1723,100,90.5,2026-08-14
SKU-2760,5,853.03,2026-01-08
SKU-7328,131,985.857,2026-03-07
SKU-5831,172,651.43,2026-04-20
SKU-8538,127,998.108,2026-01-18
SKU-1243,312,478,2026-09-07
SKU-2333,213,776,2026-10-14
SKU-8386,423,546.3,2026-08-10
SKU-8050,440,166,2026-11-26
SKU-6327,319,369,2026-03-26
SKU-6789,67,106.004,2026-08-25
SKU-2398,422,347.232,2026-01-16
SKU-1090,273,792.151,2026-07-08
SKU-5262,195,653,2026-05-21
SKU-8245,432,,2026-07-23
SKU-9016,82,195.1,2026-08-05
SKU-5777,245,445.341,2026-08-22
SKU-4480,354,376.1,2026-05-07
SKU-8632,177,867,2026-08-24
sku-3374,326,330,2026-02-01
sku-9228,169,72.84,2026-07-27
SKU-9621,428,N/A,2026-06-03
SKU-0313,48,67,2026-10-28
SKU-6815,14,N/A,2026-12-19
SKU-2003,133,6,2026-07-28
SKU-8954,345,403.5,2026-09-19
sku-1855,344,711,2026-06-24
SKU-5757,249,291.073,2026-09-28
SKU-6201,77,N/A,2026-11-17
SKU-0959,131,181.85,2026-09-13
SKU-1809,483,114.015,2026-10-25
SKU-2372,230,885.573,2026-02-19
SKU-9857,462,322,2026-02-04
SKU-2759,366,857,2026-07-21
SKU-8040,201,974.1,2026-09-13
SKU-6666,88,794,2026-05-01
SKU-0130,158,364.121,2026-06-03
SKU-0270,145,119.58,2026-07-05
SKU-9043,139,377,2026-01-18
SKU-5896,168,193.60,2026-11-20
SKU-6793,101,190.5,2026-07-18
SKU-7182,48,777.81,2026-08-12
SKU-9662,411,953,2026-06-11
SKU-2366,461,315,2026-05-18
SKU-9162,186,721.81,2026-01-07
SKU-2094,7,491.79,2026-02-09
SKU-3462,310,481.164,2026-10-14
sku-5729,206,465,2026-01-11
SKU-2045,218,724.07,2026-10-17
SKU-1248,227,270,2026-09-15
SKU-4559,306,109.74,2026-10-24
sku-0947,64,324.302,2026-01-23
SKU-2597,374,722.801,2026-03-24
SKU-7913,401,841,2026-01-10
SKU-9287,226,881,2026-08-01
SKU-6888,138,302.53,2026-12-28
SKU-4792,129,779.0,2026-06-09
sku-4778,367,761.28,2026-05-18
SKU-4578,167,828.804,2026-10-23
SKU-6880,362,1.097,2026-10-07
sku-1963,493,278.28,2026-03-18
SKU-2250,186,690,2026-05-01
SKU-5987,23,N/A,2026-04-05
SKU-8444,347,717,2026-11-28
sku-5753,275,807.2,2026-06-28
SKU-9714,413,355.418,2026-06-22
SKU-7590,82,550.389,2026-07-18
SKU-5871,269,11.7,2026-09-02
SKU-0164,131,29.05,2026-06-04
SKU-2902,305,835.201,2026-04-04
sku-1730,164,172.735,2026-12-11
SKU-7915,28,614.485,2026-02-16
SKU-3744,351,62,2026-09-03
sku-5474,426,N/A,2026-05-09
SKU-2399,392,869,2026-04-12
SKU-3924,421,381.065,2026-04-11
SKU-3430,471,628.410,2026-07-25
SKU-8306,5,886.525,2026-11-01
sku-4231,258,79.5,2026-01-08
SKU-2676,403,601.195,2026-03-28
SKU-3057,457,183,2026-04-19
SKU-6624,236,865,2026-04-09
SKU-4044,103,364,2026-10-05
sku-1155,200,884.616,2026-09-19
SKU-1341,398,348.8,2026-03-28
SKU-9675,419,786,2026-06-13
sku-9425,294,11.206,2026-12-02
SKU-2397,415,668,2026-12-12
SKU-9506,287,604.0,2026-08-22
SKU-9397,380,N/A,2026-08-12
SKU-2337,381,503,2026-07-12
SKU-2853,196,873,2026-02-27
SKU-4041,480,551.32,2026-06-01
SKU-3035,5,762,2026-04-09
sku-3128,104,728,2026-03-05
SKU-6035,275,371,2026-05-09
SKU-6121,264,409.00,2026-02-28
SKU-8322,322,976.05,2026-02-26
SKU-8981,459,336.79,2026-07-06
SKU-5635,451,249.9,2026-07-11
SKU-3569,50,398.1,2026-12-01
sku-6164,247,526.20,2026-11-25
SKU-2239,394,441.361,2026-11-11
sku-8566,379,815.05,2026-08-06
SKU-6791,224,425.687,2026-03-19
SKU-9844,213,639.75,2026-02-14
SKU-6050,367,589,2026-02-10
SKU-7010,409,,2026-05-04
SKU-8311,355,422.347,2026-11-05
sku-2018,365,238.5,2026-01-17
SKU-4183,58,948,2026-12-16
SKU-2180,460,41.60,2026-09-15
SKU-0982,136,646,2026-03-14
SKU-7588,423,122.748,2026-11-27
SKU-7768,334,527.13,2026-08-08
SKU-6904,76,609.602,2026-08-23
SKU-4085,273,313.752,2026-12-11
SKU-0244,424,209.2,2026-11-23
SKU-4794,72,248.3,2026-05-27
SKU-7011,471,489,2026-02-20
SKU-9633,143,561.6,2026-03-09
sku-0630,79,407.0,2026-02-24
SKU-3847,90,245.564,2026-04-16
SKU-2363,417,7.03,2026-02-11
SKU-4138,191,173.299,2026-07-13
SKU-6353,463,667.143,2026-08-16
SKU-8106,17,446.5,2026-06-03
SKU-3832,10,524.41,2026-01-04
SKU-3357,234,462.080,2026-03-05
SKU-7564,474,981,2026-04-21
SKU-5738,15,743.5,2026-12-19
SKU-1143,123,323,2026-10-03
SKU-0281,76,,2026-07-08
SKU-0215,360,,2026-07-06
SKU-6393,463,343.136,2026-01-13
sku-7905,130,73.431,2026-09-20
SKU-6153,281,979.261,2026-02-19
SKU-3333,134,,2026-09-09
SKU-7947,271,678.8,2026-10-16
SKU-3393,85,196.49,2026-04-28
SKU-1141,52,816,2026-11-24
SKU-3030,79,536.50,2026-10-11
SKU-8309,356,665.970,2026-03-07
SKU-7371,394,129,2026-01-18
SKU-2752,18,401.804,2026-06-27
sku-5393,457,994.925,2026-10-18
SKU-4982,245,83.1,2026-11-14
SKU-4957,232,300.054,2026-10-27
SKU-9853,276,44.5,2026-04-26
SKU-2774,4,678.68,2026-06-07
SKU-5013,416,218.183,2026-02-22
sku-4462,417,412.094,2026-09-01
SKU-6975,299,733.296,2026-09-27
SKU-1713,158,505.70,2026-10-04
SKU-6516,10,745.57,2026-05-01
SKU-7626,234,491.732,2026-10-15
SKU-7227,46,685.4,2026-10-11
SKU-5873,484,818.556,2026-09-22
SKU-5532,380,889.272,2026-11-25
SKU-6651,184,972,2026-05-25
SKU-8646,97,478.0,2026-12-10
SKU-5372,106,578.444,2026-08-09
SKU-7854,216,905.635,2026-02-13
SKU-1542,93,293,2026-12-27
SKU-7565,372,222.41,2026-08-09
SKU-2556,200,N/A,2026-02-21
SKU-1107,365,891,2026-02-03
SKU-5060,292,752.849,2026-05-21
SKU-2950,289,161.3,2026-08-05
SKU-0462,444,783.76,2026-09-08
SKU-0322,189,928,2026-03-23
SKU-1241,287,303.629,2026-02-10
SKU-7336,34,880.007,2026-04-24
SKU-1535,43,15.51,2026-08-18
SKU-4109,387,714.810,2026-12-06
SKU-1252,230,636.7,2026-08-11
SKU-2226,373,670.7,2026-12-21
SKU-7701,68,N/A,2026-02-05
SKU-7120,333,70.33,2026-05-13
SKU-9522,422,143.0,2026-12-01
SKU-8035,368,820.2,2026-01-28
SKU-4981,52,,2026-04-07
SKU-6698,358,663.0,2026-07-18
SKU-0140,388,147,2026-11-27
SKU-6099,242,494.7,2026-10-17
SKU-5434,173,622,2026-11-02
SKU-0829,493,683.578,2026-02-28
SKU-9449,165,653,2026-08-22
SKU-6404,1,171.732,2026-08-22
sku-8342,486,511.4,2026-04-11
SKU-0169,87,37.708,2026-12-06
sku-5136,385,547.6,2026-10-05
SKU-4536,60,930.59,2026-06-14
SKU-6144,277,914.2,2026-11-28
SKU-8319,491,142,2026-04-10
SKU-4146,406,629.69,2026-09-05
SKU-4032,454,110,2026-01-16
SKU-8243,262,N/A,2026-01-10
SKU-1990,313,346.768,2026-10-17
SKU-5104,96,770.88,2026-10-02
sku-4770,102,345,2026-02-09
SKU-1917,351,291.8,2026-11-21
SKU-0384,104,290.9,2026-04-27
SKU-1975,297,826.638,2026-05-06
SKU-0107,93,625,2026-11-22
SKU-4668,429,578.13,2026-02-27
SKU-1496,388,937.747,2026-12-15
sku-2654,486,495,2026-12-05
SKU-6800,419,29.72,2026-10-21
SKU-9949,275,172.50,2026-05-19
SKU-6456,81,56.451,2026-06-05
SKU-7947,237,542.058,2026-04-18
SKU-5224,148,994.5,2026-03-03
SKU-1375,293,879.00,2026-02-12
SKU-7375,144,973.5,2026-02-03
SKU-8767,416,163.802,2026-01-06
SKU-1100,163,383,2026-12-05
SKU-6397,49,744.91,2026-10-19
SKU-0407,136,620,2026-10-07
sku-6918,347,631.846,2026-03-12
sku-7007,71,54.840,2026-01-23
SKU-6635,471,378.03,2026-12-15
SKU-0004,5,775,2026-10-24
SKU-3629,29,324,2026-02-04
sku-2038,100,,2026-11-09
SKU-0286,238,472.142,2026-05-25
sku-4958,250,,2026-04-13
SKU-2527,371,929.8,2026-01-19
SKU-7539,443,162,2026-07-28
SKU-2870,143,580.824,2026-09-03
SKU-9098,108,100,2026-01-09
SKU-8852,161,452.088,2026-07-27
SKU-9486,182,416.63,2026-05-06
SKU-7649,16,384.150,2026-02-18
sku-8924,204,708.26,2026-04-28
sku-7251,283,741,2026-01-09
SKU-5700,109,64.5,2026-06-11
SKU-4204,19,762,2026-03-06
SKU-9971,355,N/A,2026-10-15
SKU-8209,331,989.9,2026-04-12
SKU-1755,426,218.609,2026-12-02
SKU-4614,401,348,2026-09-17
SKU-6768,93,,2026-08-10
SKU-4038,192,150.746,2026-06-07
SKU-9808,422,704,2026-08-25
SKU-3152,209,490.503,2026-05-24
sku-4675,297,340,2026-08-14
sku-7833,214,,2026-09-19
SKU-2015,246,821,2026-08-28
SKU-4386,150,570.30,2026-07-24
SKU-2522,474,563.21,2026-05-16
SKU-8237,187,129.309,2026-04-24
SKU-4863,295,322.392,2026-09-10
SKU-4691,459,69.3,2026-08-07
SKU-8640,278,807.03,2026-10-25
SKU-6869,476,522.7,2026-02-19
sku-0764,163,493.9,2026-10-09
SKU-4358,243,858.7,2026-08-03
sku-9474,459,512.59,2026-02-14
SKU-0852,444,544,2026-11-15
SKU-3536,73,562.449,2026-12-16
SKU-1538,6,170.16,2026-05-06
sku-8727,97,291.7,2026-08-09
sku-7779,238,959,2026-02-04
SKU-2641,322,,2026-10-01
SKU-7342,236,706.2,2026-05-24
SKU-0410,195,695.2,2026-02-06
SKU-8017,486,841.13,2026-03-11
SKU-4175,228,78.41,2026-07-19
SKU-3206,400,138.34,2026-09-06
SKU-4964,445,709,2026-01-15
SKU-0076,22,138.734,2026-02-03
SKU-7476,262,904.64,2026-06-15
SKU-1301,113,369.2,2026-11-08
SKU-5534,156,764.194,2026-07-09
SKU-7874,167,167.6,2026-08-13
SKU-7238,96,827,2026-01-25
sku-0073,464,354,2026-03-23
SKU-2727,87,,2026-05-23
SKU-7364,165,408.894,2026-01-16
SKU-2499,284,967.098,2026-02-01
SKU-0690,160,106.798,2026-04-25
sku-2374,25,N/A,2026-08-21
SKU-2838,448,334,2026-06-28
sku-1993,449,3.86,2026-11-08
SKU-9620,479,219,2026-03-06
SKU-3987,120,264.710,2026-03-03
SKU-5979,364,398.266,2026-06-09
SKU-7307,404,531,2026-01-17
sku-6695,280,439,2026-04-19
sku-0933,379,655.41,2026-04-18
SKU-9737,415,739.456,2026-04-27
SKU-3802,495,617.103,2026-05-24
SKU-8798,467,397.436,2026-01-18
SKU-6707,98,798.5,2026-02-21
SKU-6187,458,281.41,2026-02-03
SKU-1568,360,662.545,2026-07-22
SKU-8229,473,88.5,2026-02-03
SKU-0653,441,N/A,2026-01-09
SKU-8103,65,782.475,2026-03-12
SKU-7577,18,559,2026-10-01
SKU-0797,36,207.069,2026-05-24
sku-6142,446,163.7,2026-03-21
SKU-4878,239,817.35,2026-06-19
sku-7823,34,477.468,2026-11-26
SKU-2320,212,346.422,2026-05-21
SKU-8927,23,860.70,2026-03-25
SKU-2806,94,584,2026-07-08
SKU-9792,330,653.666,2026-02-27
SKU-8153,169,861,2026-11-17
SKU-3614,305,309,2026-01-17
SKU-2320,432,340.381,2026-11-07
SKU-5642,121,635,2026-02-22
SKU-3071,56,633.788,2026-08-06
SKU-2951,81,N/A,2026-01-15
SKU-4409,365,877,2026-11-11
SKU-8877,132,415.782,2026-02-17
SKU-7918,49,949,2026-01-24
sku-6032,51,904.502,2026-05-02
sku-0439,485,799,2026-03-18
SKU-3325,35,713,2026-01-28
SKU-8355,331,N/A,2026-04-19
SKU-4362,242,,2026-01-10
SKU-1564,187,879.756,2026-11-13
SKU-6314,195,81.097,2026-01-15
sku-7941,107,,2026-03-26
SKU-3082,258,339.959,2026-06-22
SKU-0037,172,312.37,2026-04-23
SKU-3939,163,68.11,2026-08-02
SKU-1949,202,310,2026-02-24
SKU-8120,489,,2026-05-09
SKU-3465,364,982.814,2026-12-27
SKU-8502,320,176,2026-08-16
SKU-4598,64,653.820,2026-06-18
SKU-8708,495,979.889,2026-10-15
SKU-5033,198,367.7,2026-03-19
SKU-1920,419,570.88,2026-05-18
SKU-1499,181,981.5,2026-09-24
SKU-0882,0,341.047,2026-07-06
sku-0474,485,689.333,2026-07-25
sku-5025,160,901.8,2026-07-26
SKU-6317,180,67.246,2026-10-11
SKU-8740,465,391,2026-12-14
SKU-4403,487,812.1,2026-10-02
SKU-2505,338,665.3,2026-02-14
SKU-5995,192,605.828,2026-03-06
SKU-2412,36,,2026-02-19
SKU-7457,495,760.81,2026-06-17
SKU-2370,307,N/A,2026-02-21
SKU-1654,312,981.62,2026-03-03
SKU-6122,499,130.050,2026-10-22
SKU-0632,391,990.4,2026-04-09
SKU-9088,109,367,2026-03-28
SKU-5271,261,184.268,2026-11-10
SKU-5238,264,264.041,2026-04-05
SKU-4343,6,373.712,2026-05-18
SKU-6195,321,306.717,2026-01-18
SKU-9771,437,569.93,2026-04-15
SKU-0701,126,90.8,2026-01-24
SKU-2141,464,615.323,2026-10-05
SKU-7424,478,201,2026-12-14
SKU-7313,295,217.64,2026-09-10
SKU-0258,155,895.77,2026-03-05
SKU-2163,1,929.551,2026-05-04
SKU-4902,399,91.761,2026-05-17
SKU-3865,238,634.58,2026-01-05
SKU-9156,341,82.946,2026-03-03
SKU-7001,172,192.923,2026-12-28
SKU-2318,18,23.9,2026-11-21
SKU-2534,327,N/A,2026-02-02
sku-1384,432,898,2026-09-15
SKU-2625,467,23.287,2026-12-11
SKU-1171,111,639.893,2026-10-08
sku-0223,133,606.7,2026-10-03
SKU-4196,362,978.75,2026-12-06
SKU-9809,499,165,2026-09-09
SKU-1347,128,143.462,2026-06-13
SKU-5353,191,796.120,2026-11-14
SKU-8666,73,201.1,2026-01-05
sku-0197,154,512.733,2026-11-07
sku-9366,351,509.555,2026-04-02
SKU-6863,163,883.991,2026-03-22
SKU-0858,429,176.4,2026-12-12
SKU-6638,356,971.842,2026-01-23
SKU-5814,38,11,2026-02-02
SKU-8987,206,690.149,2026-11-24
SKU-9062,195,357.8,2026-02-08
SKU-7738,274,204.594,2026-01-13
SKU-8855,203,511.255,2026-09-18
SKU-7879,43,332,2026-02-16
SKU-6605,334,660.1,2026-07-22
SKU-2426,210,270,2026-02-13
SKU-0554,39,397.96,2026-02-17
SKU-7937,63,435.1,2026-06-25
SKU-0685,240,18.97,2026-06-06
SKU-7400,281,245.4,2026-12-16
SKU-6015,279,324,2026-12-18
SKU-1348,93,48.8,2026-02-18
SKU-3907,41,181.11,2026-06-27
SKU-6942,181,651.796,2026-04-09
SKU-0725,78,455.982,2026-03-22
SKU-8979,69,683.5,2026-09-01
SKU-0762,387,621.6,2026-01-06
SKU-2010,439,548.0,2026-03-27
SKU-9056,321,272.972,2026-05-05
SKU-9900,297,375.0,2026-04-13
sku-6107,12,710.709,2026-01-17
SKU-9969,142,661.65,2026-12-27
sku-9566,333,653,2026-03-10
SKU-6729,128,1.38,2026-05-01
SKU-4870,299,363.92,2026-12-17
SKU-2962,220,311.66,2026-03-18
SKU-4199,201,425.65,2026-06-14
SKU-3281,290,N/A,2026-07-27
SKU-0349,322,416.59,2026-12-06
SKU-0499,318,333.7,2026-05-05
SKU-1927,182,N/A,2026-11-01
SKU-8686,336,858.173,2026-05-26
SKU-1259,416,193.85,2026-10-18
SKU-3834,392,556.1,2026-11-16
SKU-4842,218,668.9,2026-01-21
SKU-2422,498,940,2026-07-17
SKU-0575,306,768.3,2026-01-03
SKU-8282,388,842.7,2026-11-18
SKU-4821,369,867.587,2026-04-09
SKU-2405,278,736.995,2026-07-19
SKU-7219,268,228,2026-10-08
SKU-7489,187,196,2026-04-04
SKU-9419,241,7.0,2026-07-07
SKU-1967,14,376,2026-02-08
SKU-8305,83,813.62,2026-05-09
SKU-0761,260,426.716,2026-02-16
SKU-7003,324,530,2026-04-20
SKU-5771,443,612,2026-12-25
sku-9927,303,708.562,2026-10-13
SKU-3216,227,444,2026-01-13
SKU-8216,116,725.687,2026-07-20
SKU-3926,392,889.586,2026-05-22
SKU-1198,449,,2026-10-23
sku-1716,305,N/A,2026-02-27
SKU-0611,286,179.6,2026-08-18
SKU-1035,82,447.393,2026-08-22
SKU-7173,16,,2026-09-03
SKU-5483,358,603.8,2026-08-24
SKU-9507,148,279.20,2026-02-03
SKU-7512,15,90.5,2026-02-21
SKU-7538,153,457.333,2026-08-27
SKU-4921,401,,2026-12-14
SKU-6457,351,63.696,2026-11-09
SKU-7199,135,,2026-03-10
SKU-5189,237,426.03,2026-08-07
SKU-9151,433,362.55,2026-07-26
SKU-2530,298,,2026-02-02
SKU-6990,498,601.4,2026-05-18
SKU-3024,288,763.4,2026-12-07
sku-8240,388,778.2,2026-11-03
SKU-5587,273,N/A,2026-02-28
sku-8405,186,893.56,2026-10-12
SKU-2612,307,672.69,2026-05-16
SKU-4145,24,81.0,2026-03-01
SKU-5946,47,704,2026-09-28
SKU-0515,305,491.13,2026-04-28
SKU-2730,58,997,2026-12-01
SKU-2878,260,134.979,2026-03-12
sku-1944,196,701.2,2026-09-10
SKU-0061,202,396.0,2026-02-27
SKU-3707,242,88.82,2026-12-15
SKU-9244,384,188,2026-02-03
SKU-5962,17,321,2026-08-16
SKU-5666,135,407.41,2026-03-09
SKU-2803,234,988.69,2026-06-15
SKU-2369,464,177,2026-10-22
SKU-4848,472,42.42,2026-03-07
SKU-2136,337,155.913,2026-05-04
SKU-2700,38,697.119,2026-05-19
SKU-4174,311,231.734,2026-05-07
SKU-4550,340,245.6,2026-01-09
SKU-1117,475,693.0,2026-03-03
SKU-8396,401,71.6,2026-07-19
SKU-5083,80,892.07,2026-07-26
SKU-5223,159,610.805,2026-12-24
SKU-4169,318,703,2026-10-03
sku-6587,33,619.7,2026-06-14
sku-5544,500,597.154,2026-10-14
SKU-9731,395,591.173,2026-07-12
SKU-0820,226,187.182,2026-11-09
SKU-7384,251,,2026-11-11
SKU-7668,199,404.2,2026-05-23
SKU-4319,297,990.58,2026-09-24
SKU-0451,251,740,2026-01-12
sku-7221,192,172.93,2026-08-09
SKU-7545,120,,2026-01-02
SKU-7578,372,471.1,2026-07-12
SKU-8019,72,363.56,2026-10-13
sku-7670,275,593.52,2026-12-01
SKU-5837,101,381.914,2026-08-10
SKU-8001,282,274.514,2026-04-25
sku-0946,148,141.6,2026-03-20
SKU-3351,18,N/A,2026-01-17
SKU-2428,42,434.7,2026-06-06
SKU-1936,261,770.45,2026-09-09
SKU-6539,159,205.73,2026-06-24
sku-8673,253,83.108,2026-04-13
sku-1543,406,,2026-08-10
SKU-8629,233,224.5,2026-07-10
sku-1715,244,725,2026-11-15
SKU-8855,388,528,2026-11-09
SKU-4396,91,36.2,2026-07-14
SKU-1515,352,860,2026-06-15
SKU-7952,259,959.5,2026-12-23
SKU-9496,213,466,2026-02-17
SKU-5564,73,,2026-02-13
SKU-7501,168,599,2026-09-03
SKU-9965,200,N/A,2026-06-05
SKU-6876,286,259,2026-11-27
SKU-3924,457,456.1,2026-10-02
SKU-0404,274,624.60,2026-06-19
SKU-1529,335,384.63,2026-07-21
SKU-6250,264,959.5,2026-05-25
SKU-0428,69,726.4,2026-11-11
SKU-6644,192,897,2026-08-28
SKU-4347,99,311.23,2026-09-18
SKU-5201,272,152.9,2026-02-26
SKU-2791,433,46.6,2026-02-26
SKU-9911,331,954.497,2026-12-28
SKU-1267,133,226,2026-11-22
SKU-1304,160,54.753,2026-02-26
SKU-5823,453,420.6,2026-07-13
SKU-6315,138,N/A,2026-07-15
SKU-2854,290,813.5,2026-06-01
SKU-4656,259,75,2026-07-12
SKU-0035,458,926.68,2026-02-03
SKU-1023,128,298,2026-10-16
SKU-3792,116,253.559,2026-08-27
SKU-7028,276,132.62,2026-10-04
SKU-4430,292,73.3,2026-03-05
SKU-0179,454,324.4,2026-08-23
SKU-8175,120,783.1,2026-05-26
sku-3282,127,543,2026-03-01
SKU-7882,230,631.3,2026-12-26
SKU-8870,338,607.652,2026-12-01
SKU-2656,495,863,2026-05-13
SKU-5387,372,,2026-07-15
sku-2994,26,N/A,2026-03-14
SKU-0446,489,602.017,2026-06-08
SKU-0084,234,907,2026-07-16
SKU-7716,185,412,2026-06-22
SKU-5644,72,427,2026-03-16
SKU-7177,132,86,2026-09-17
SKU-5736,388,650,2026-11-06
SKU-9255,403,N/A,2026-11-02
SKU-2055,105,337,2026-04-12
SKU-7204,148,839.1,2026-07-23
sku-2289,87,948.8,2026-08-10
SKU-4538,151,876,2026-08-06
SKU-8961,436,530,2026-05-06
SKU-2982,383,325.76,2026-01-19
SKU-1369,27,375.6,2026-08-20
SKU-1861,480,430.90,2026-10-04
SKU-3492,235,144.649,2026-05-18
SKU-1692,434,509.53,2026-01-14
SKU-9168,43,554,2026-02-01
SKU-2561,241,897.80,2026-09-26
sku-2793,428,,2026-05-01
SKU-2508,220,581.401,2026-12-01
SKU-4530,105,N/A,2026-02-01
SKU-5111,458,534.4,2026-11-18
sku-9475,74,854.3,2026-05-03
SKU-9158,320,510.2,2026-07-15
SKU-2137,204,375.662,2026-02-26
SKU-1938,460,879.486,2026-02-25
sku-4806,391,164.06,2026-12-23
SKU-7148,199,114,2026-07-04
SKU-5866,379,852.4,2026-03-28
SKU-3650,352,37.0,2026-08-10
SKU-3667,91,187.786,2026-06-26
SKU-1049,169,258.643,2026-01-04
SKU-1656,245,894.5,2026-12-03
SKU-8926,0,438,2026-11-10
SKU-6498,388,782.3,2026-07-14
SKU-9270,246,206.11,2026-05-27
SKU-3229,111,587,2026-07-14
SKU-7017,79,970,2026-07-22
SKU-9567,490,596.4,2026-01-12
SKU-8148,378,861.5,2026-02-07
SKU-1959,41,672.9,2026-09-05
SKU-4883,491,140.7,2026-08-18
SKU-7389,104,537.67,2026-07-25
SKU-9372,133,522.00,2026-01-17
SKU-0851,406,632.9,2026-12-07
sku-3185,167,912.587,2026-02-15
SKU-0570,67,190.7,2026-07-23
SKU-3977,449,87,2026-12-13
SKU-4969,431,381,2026-07-20
sku-0419,150,N/A,2026-09-11
SKU-0138,230,737.808,2026-07-16
sku-6878,117,474.111,2026-04-02
SKU-6960,413,600.05,2026-07-03
SKU-4934,178,41.20,2026-12-28
SKU-2019,391,341,2026-03-11
SKU-1707,416,83.284,2026-07-28
SKU-5007,25,603.43,2026-07-17
SKU-0741,417,807.5,2026-09-26
SKU-0111,348,845,2026-06-04
SKU-8112,422,23.2,2026-03-06
SKU-5131,350,284.85,2026-04-03
SKU-8819,216,410,2026-07-07
SKU-3539,291,574.911,2026-11-17
sku-2971,372,790.01,2026-11-01
SKU-3433,114,471.2,2026-12-23
SKU-7301,243,141.70,2026-10-21
SKU-5733,197,,2026-04-25
SKU-7165,228,889.90,2026-11-02
sku-0121,21,708.729,2026-12-11
SKU-2086,300,182,2026-02-18
SKU-9830,5,518,2026-05-01
SKU-4370,419,91.926,2026-06-07
sku-1373,254,253.640,2026-03-08
SKU-6330,322,726.272,2026-11-15
sku-4687,150,121.999,2026-09-08
SKU-2435,83,813.4,2026-03-03
SKU-8461,77,690.19,2026-06-10
SKU-4385,231,692.55,2026-04-10
SKU-9143,452,787.85,2026-09-02
SKU-4807,447,260,2026-07-04
SKU-1461,302,989,2026-04-15
SKU-9546,324,412,2026-09-17
SKU-2849,459,,2026-10-27
SKU-7466,144,185.16,2026-07-18
sku-5815,215,642,2026-01-12
SKU-8447,258,265.962,2026-09-04
SKU-5210,404,538,2026-03-12
SKU-6451,258,905,2026-06-24
SKU-1688,481,923.304,2026-07-08
sku-9905,204,835.757,2026-10-28
SKU-4447,187,N/A,2026-06-20
SKU-9184,495,N/A,2026-07-09
SKU-4006,217,919.7,2026-09-23
sku-3660,289,887.11,2026-01-25
sku-6814,202,N/A,2026-05-12
sku-9893,104,898,2026-01-13
SKU-2513,452,356.1,2026-12-08
SKU-1740,198,725,2026-08-25
SKU-3856,488,902.0,2026-04-10
SKU-8381,409,274,2026-11-04
sku-3373,172,18.0,2026-05-23
SKU-7295,111,909,2026-02-05
SKU-3254,78,345.805,2026-12-11
SKU-7793,110,82.6,2026-08-18
SKU-8967,78,357.269,2026-04-24
SKU-6191,199,402.05,2026-07-08
SKU-2897,172,941.8,2026-01-24
SKU-0489,146,767,2026-06-16
SKU-1391,317,24.8,2026-07-22
SKU-6626,286,823.60,2026-06-03
SKU-1311,116,899.5,2026-12-18
SKU-3941,323,643,2026-02-20
SKU-1576,106,580.64,2026-05-18
SKU-2290,156,203.667,2026-09-20
SKU-1239,338,769.857,2026-06-27
SKU-2972,360,608,2026-11-25
SKU-4581,161,355.5,2026-11-08
SKU-2183,422,244.4,2026-10-06
SKU-2694,322,629.977,2026-07-12
SKU-7582,430,996.10,2026-06-01
sku-9767,362,183,2026-04-08
SKU-1019,18,383,2026-05-16
SKU-8052,471,826.205,2026-08-14
SKU-4483,429,N/A,2026-02-15
SKU-6432,236,N/A,2026-11-20
SKU-0670,27,925.0,2026-10-15
sku-6398,266,94.43,2026-10-23
sku-6533,418,,2026-02-17
SKU-4314,470,460,2026-08-02
SKU-3486,31,138,2026-10-27
SKU-9822,441,122,2026-01-16
SKU-2503,183,,2026-06-05
sku-6261,141,608.6,2026-08-02
sku-8332,499,344.5,2026-03-03
sku-7898,475,635.498,2026-06-13
SKU-0264,257,583,2026-05-12
SKU-5868,202,556.0,2026-11-14
SKU-1662,487,789.5,2026-06-18
SKU-4892,60,617.8,2026-04-15
SKU-0312,116,527.464,2026-07-24
SKU-8135,244,581.41,2026-01-01
SKU-8125,429,149.9,2026-09-26
SKU-5680,360,831.665,2026-12-19
SKU-5567,364,150.59,2026-09-27
SKU-5535,216,696.35,2026-10-25
SKU-0776,464,855.29,2026-01-14
SKU-5528,419,88,2026-02-15
SKU-1797,227,264.3,2026-02-28
SKU-0970,298,225.3,2026-05-28
SKU-6011,250,420.50,2026-09-14
SKU-7015,500,689.362,2026-11-23
sku-1210,312,28.2,2026-07-24
SKU-9587,168,383,2026-11-16
SKU-1323,240,923,2026-09-19
SKU-4156,73,16.540,2026-10-18
SKU-1244,274,,2026-07-08
SKU-2127,20,575.93,2026-03-15
SKU-6204,436,583.7,2026-03-02
SKU-0904,99,349.862,2026-06-25
sku-5625,383,,2026-03-17
SKU-8774,413,138.245,2026-05-10
SKU-9770,431,62.54,2026-12-09
sku-8871,124,793.820,2026-05-18
SKU-4208,190,43.3,2026-12-15
SKU-5894,265,253.898,2026-09-08
SKU-6718,362,721,2026-03-24
SKU-3864,250,520.533,2026-10-19
SKU-0199,473,488.193,2026-06-14
SKU-0711,484,750.5,2026-09-15
SKU-2394,176,822,2026-12-28
SKU-0455,401,382,2026-02-21
SKU-0825,67,17.6,2026-06-05
SKU-4007,343,40,2026-02-07
SKU-6473,189,550.72,2026-01-09
sku-1761,23,352.11,2026-08-15
SKU-0685,214,371.83,2026-04-23
SKU-9710,196,830.211,2026-08-15
SKU-4710,86,666.370,2026-10-08
SKU-7452,290,329.122,2026-10-19
SKU-0973,137,666.158,2026-02-19
SKU-8918,69,538,2026-10-17
SKU-5510,93,894.92,2026-10-01
sku-0775,21,755.1,2026-09-12
sku-7715,373,249.9,2026-08-18
SKU-3621,245,39.93,2026-02-17
SKU-9319,23,238.13,2026-03-17
SKU-2034,461,620.72,2026-01-16
SKU-4265,349,725.13,2026-11-28
sku-7510,421,N/A,2026-04-10
SKU-4070,272,171.467,2026-08-11
SKU-3783,180,204.826,2026-02-03
SKU-6069,170,959.48,2026-01-04
SKU-6399,256,,2026-06-10
sku-5509,390,93.3,2026-06-12
SKU-5175,476,76.233,2026-06-03
sku-9946,107,410.3,2026-07-03
SKU-3991,58,300.005,2026-03-01
SKU-4142,279,994.627,2026-10-23
SKU-3262,172,690.8,2026-07-24
SKU-6851,423,633.10,2026-12-24
SKU-4209,212,761,2026-09-11
SKU-6019,499,610,2026-02-27
sku-3927,391,470.87,2026-09-18
SKU-6404,51,212.6,2026-06-23
SKU-6621,73,805.8,2026-11-26
SKU-3923,330,1.147,2026-02-15
SKU-7249,431,202.4,2026-03-22
SKU-8027,198,643.10,2026-05-13
SKU-1763,55,,2026-06-10
SKU-8244,359,,2026-04-23
SKU-3308,338,273.10,2026-12-20
SKU-1947,315,147,2026-05-02
SKU-4060,161,688.8,2026-09-16
SKU-9420,57,550,2026-02-23
SKU-4384,40,921.90,2026-03-04
SKU-8337,137,607.142,2026-12-27
SKU-8035,469,504.881,2026-10-10
SKU-3974,233,528.043,2026-10-16
SKU-3760,397,34.57,2026-11-20
SKU-6620,209,767.475,2026-11-01
SKU-2458,413,207.3,2026-08-21
SKU-4637,166,993.76,2026-04-13
SKU-4131,479,204.363,2026-05-26
SKU-0097,124,597.9,2026-06-19
SKU-6900,198,605.26,2026-10-24
SKU-6567,312,699.896,2026-06-17
SKU-8798,27,952.0,2026-10-03
SKU-4552,74,29,2026-01-19
SKU-2823,358,60.1,2026-11-06
SKU-8848,157,530.32,2026-05-18
SKU-1592,186,311.31,2026-06-14
SKU-3244,479,945.4,2026-05-15
SKU-4408,485,200.4,2026-09-26
SKU-0774,497,371.7,2026-08-04
SKU-2662,408,771.3,2026-10-05
SKU-7127,30,N/A,2026-07-16
SKU-5989,130,183.96,2026-07-15
SKU-6688,19,885,2026-06-24
SKU-4354,402,575.306,2026-02-06
SKU-9343,184,778,2026-05-20
sku-6442,402,218.5,2026-11-17
SKU-1324,139,785,2026-08-26
SKU-3094,142,982.308,2026-10-11
SKU-9677,138,251.96,2026-02-22
SKU-6676,114,528,2026-05-25
SKU-2966,360,600,2026-12-14
SKU-4509,228,585.984,2026-11-14
SKU-5141,307,524.0,2026-02-16
SKU-5516,120,182,2026-08-17
SKU-4014,391,979,2026-06-08
SKU-8031,16,651.5,2026-12-16
SKU-3428,276,515.62,2026-08-18
SKU-5619,18,512.3,2026-03-01
SKU-6097,400,263.9,2026-01-25
SKU-8029,3,21.212,2026-04-05
SKU-4541,326,510.015,2026-11-09
SKU-3378,87,290.85,2026-11-16
SKU-2269,216,173.9,2026-10-18
SKU-6507,118,62.59,2026-11-13
SKU-6450,265,819.5,2026-04-23
SKU-1591,64,466.047,2026-01-04
SKU-9572,55,631.625,2026-04-24
SKU-1869,53,,2026-10-25
SKU-1371,473,213.214,2026-04-23
SKU-0991,212,131.54,2026-07-11
SKU-1534,469,561.878,2026-08-18
SKU-5374,174,64.070,2026-04-12
SKU-6460,64,669,2026-05-24
SKU-6823,425,822.631,2026-02-26
SKU-2626,183,782.86,2026-12-28
SKU-3217,90,664.72,2026-04-04
SKU-3322,215,739.5,2026-01-15
SKU-7332,98,52.1,2026-02-17
SKU-1480,77,574.5,2026-11-21
SKU-9967,323,382.04,2026-10-09
SKU-8279,496,526.2,2026-10-25
SKU-2528,152,72.07,2026-12-27
SKU-6525,471,175.9,2026-07-10
sku-3114,239,157,2026-09-22
SKU-4023,336,901.467,2026-08-20
SKU-8221,144,36,2026-09-23
SKU-6417,335,N/A,2026-04-26
SKU-2016,347,N/A,2026-12-28
SKU-4365,176,26.9,2026-07-22
SKU-4274,496,138.20,2026-04-15
SKU-5066,415,424.872,2026-11-26
SKU-0582,253,427,2026-10-02
SKU-2722,408,844.278,2026-09-25
SKU-9070,369,811.611,2026-09-25
SKU-1169,212,404.12,2026-12-02
SKU-0771,310,737.4,2026-03-07
SKU-1049,259,955.77,2026-04-10
SKU-6148,214,957.67,2026-07-05
SKU-0447,276,981.3,2026-06-08
SKU-0964,61,657,2026-12-03
SKU-9994,467,492.490,2026-02-18
SKU-6707,129,351.4,2026-05-05
SKU-4585,439,406,2026-07-08
SKU-0704,122,341.866,2026-04-14
sku-3179,435,179.6,2026-09-20
sku-9090,13,580.310,2026-09-02
SKU-2508,99,610.3,2026-08-25
SKU-1856,385,714.152,2026-12-10
SKU-2659,245,120.526,2026-07-14
sku-9861,270,944.9,2026-05-05
SKU-4896,403,829,2026-02-22
sku-2680,163,996.852,2026-06-16
SKU-1745,234,886.69,2026-01-02
SKU-9210,427,621.959,2026-11-27
sku-1860,337,763.7,2026-03-23
SKU-4801,424,450.86,2026-10-19
SKU-6338,358,230.73,2026-11-21
SKU-1025,484,662.09,2026-01-15
SKU-5829,441,178.19,2026-12-09
SKU-9753,444,159.767,2026-02-09
SKU-9739,394,802.4,2026-11-22
SKU-3582,360,474.5,2026-08-25
SKU-3454,318,76,2026-06-26
SKU-3418,25,390.763,2026-02-28
SKU-7502,119,200.5,2026-09-22
SKU-7825,221,739,2026-06-22
SKU-6844,402,188.35,2026-08-14
SKU-7186,5,612.38,2026-04-14
SKU-4936,64,780,2026-05-02
sku-4497,93,475.99,2026-02-17
sku-2051,107,624.168,2026-05-24
SKU-4263,444,897.822,2026-09-15
SKU-2089,45,,2026-08-04
SKU-2780,1,N/A,2026-07-16
SKU-9935,23,373.67,2026-09-05
SKU-5150,409,323.1,2026-05-03
SKU-1971,321,704.9,2026-04-22
SKU-8475,176,27,2026-03-11
SKU-9727,434,499.0,2026-03-15
SKU-7287,157,95,2026-10-02
SKU-7979,246,547.902,2026-08-27
SKU-4660,296,N/A,2026-06-15
SKU-9699,238,958,2026-10-26
SKU-2479,184,582.71,2026-01-19
sku-4012,374,,2026-05-14
SKU-4604,500,947.7,2026-05-25
SKU-7244,210,26.03,2026-07-28
SKU-9163,451,332.9,2026-04-20
SKU-3034,92,858.58,2026-12-11
SKU-0093,391,723.1,2026-09-27
SKU-4116,37,347.029,2026-08-23
SKU-5984,66,533,2026-08-23
SKU-1326,58,28.6,2026-10-05
SKU-4211,9,179.3,2026-09-21
SKU-2726,232,809.8,2026-02-27
SKU-0051,399,469.036,2026-11-06
SKU-1684,372,913.534,2026-07-07
SKU-1284,325,630,2026-03-22
SKU-3832,111,325,2026-02-25
SKU-9314,79,216.53,2026-02-17
SKU-2515,352,490.9,2026-09-08
SKU-4655,273,N/A,2026-06-17
SKU-3146,338,23.7,2026-02-21
SKU-2844,457,4.14,2026-06-09
SKU-1757,362,713.72,2026-06-07
sku-9806,28,326.92,2026-03-15
SKU-2997,345,889.94,2026-07-28
SKU-6249,252,,2026-07-07
SKU-8641,498,880.3,2026-08-19
SKU-6126,190,816.62,2026-11-28
SKU-4568,183,841.15,2026-04-01
SKU-3667,479,295.2,2026-07-19
SKU-1497,157,N/A,2026-11-25
sku-2682,76,742.57,2026-05-11
SKU-4769,14,N/A,2026-02-01
sku-8418,349,905.2,2026-11-23
SKU-6607,296,N/A,2026-09-04
SKU-6058,359,477.6,2026-01-24
SKU-0580,151,663.22,2026-07-13
SKU-8104,71,595,2026-10-16
SKU-9195,15,908.532,2026-05-01
SKU-3666,356,747.91,2026-06-17
SKU-5147,478,150.5,2026-09-08
SKU-5421,188,379,2026-02-15
SKU-9812,267,11.30,2026-11-14
SKU-1378,400,635.667,2026-02-09
SKU-2807,190,296.599,2026-04-13
sku-9223,447,862,2026-01-21
SKU-2666,244,,2026-04-05
SKU-2057,460,740,2026-04-07
sku-2546,69,348,2026-11-20
SKU-1283,208,60.494,2026-04-12
SKU-8084,260,371,2026-04-28
SKU-8746,30,852,2026-11-22
SKU-2839,175,711.1,2026-01-09
SKU-6104,123,991.006,2026-07-20
sku-8003,336,351,2026-03-22
SKU-8698,256,980.728,2026-09-09
SKU-6954,325,958.731,2026-08-27
SKU-9248,162,538.497,2026-08-11
SKU-8047,103,949.8,2026-07-25
SKU-5219,323,122.0,2026-01-14
sku-0256,329,608.147,2026-04-11
sku-5044,332,681,2026-04-18
SKU-1941,260,336.0,2026-09-21
sku-3849,411,852.415,2026-03-04
SKU-5276,236,981.685,2026-08-27
SKU-2459,370,664.8,2026-12-15
SKU-3076,44,178.4,2026-08-11
sku-4750,23,606.35,2026-05-28
SKU-3948,291,,2026-04-05
SKU-1626,438,900.6,2026-03-23
SKU-2273,461,854.062,2026-05-21
SKU-0882,407,846.397,2026-07-17
sku-7140,201,713.7,2026-03-24
SKU-3155,434,21,2026-03-20
SKU-2228,88,648.5,2026-11-26
SKU-4113,43,N/A,2026-07-01
SKU-3449,227,N/A,2026-12-03
sku-9556,456,980.006,2026-01-17
SKU-3566,410,553.906,2026-03-27
SKU-1913,347,654.660,2026-03-02
SKU-8944,50,401.54,2026-03-13
SKU-4332,239,N/A,2026-11-26
SKU-4641,286,304.1,2026-04-26
SKU-1995,21,148.30,2026-03-02
SKU-0892,375,685.418,2026-03-26
SKU-3088,470,584.1,2026-11-28
SKU-9476,396,193.9,2026-08-25
SKU-7548,271,3.51,2026-05-08
SKU-2476,30,901.1,2026-12-02
sku-0679,296,383.335,2026-02-17
SKU-9705,75,56.1,2026-03-17
SKU-8012,235,,2026-12-18
SKU-1207,487,377.5,2026-02-15
SKU-0945,165,307.4,2026-05-25
SKU-8341,180,,2026-06-20
SKU-9374,64,918,2026-10-20
sku-5822,337,95.91,2026-11-24
SKU-5291,387,924.7,2026-02-22
SKU-1949,104,974.0,2026-02-22
SKU-2901,106,537.28,2026-01-16
SKU-8583,242,847.8,2026-02-25
SKU-9810,47,63.6,2026-07-03
sku-9947,499,852,2026-07-16
SKU-0874,143,828,2026-10-04
sku-4103,409,588.2,2026-11-05
sku-3056,370,11.736,2026-05-10
SKU-9560,471,,2026-06-14
SKU-5621,422,N/A,2026-01-02
SKU-8551,285,685.4,2026-02-04
SKU-7462,198,146.4,2026-02-14
sku-4217,144,,2026-03-15
SKU-1649,290,759.850,2026-12-17
sku-0898,388,N/A,2026-05-08
SKU-2193,348,460,2026-03-25
SKU-1974,169,231.8,2026-12-21
SKU-8875,292,19,2026-11-03
SKU-5457,286,656.1,2026-06-25
SKU-5282,453,939.4,2026-09-04
SKU-1878,109,572.67,2026-09-24
SKU-5283,1,,2026-03-02
SKU-5885,212,704.55,2026-09-14
SKU-7059,72,173.87,2026-03-01
SKU-2921,215,514.942,2026-09-21
SKU-9597,370,95.6,2026-08-07
SKU-4840,255,112.6,2026-03-06
SKU-9225,220,723.913,2026-03-28
SKU-8645,162,715.61,2026-10-02
SKU-6845,406,49.3,2026-11-22
SKU-8437,114,935.1,2026-10-28
SKU-2217,13,433.452,2026-05-28
SKU-0193,281,436.08,2026-06-25
SKU-8366,32,98,2026-02-19
SKU-0356,192,112.04,2026-04-15
SKU-3595,181,592.77,2026-03-27
SKU-4517,376,,2026-08-13
SKU-4411,466,786.2,2026-04-06
SKU-9170,410,186.45,2026-04-03
SKU-2108,177,714.4,2026-04-24
SKU-5480,101,176.9,2026-03-05
SKU-3206,292,888,2026-06-25
SKU-9407,178,268.0,2026-10-07
sku-3660,490,645.645,2026-12-22
SKU-6880,211,551.92,2026-08-18
SKU-6174,195,558.787,2026-11-18
SKU-4340,36,,2026-10-20
sku-0643,39,860.25,2026-02-27
SKU-0067,91,27,2026-02-22
SKU-8580,418,584.748,2026-03-03
SKU-8626,164,472.5,2026-07-17
SKU-7311,319,76.532,2026-04-09
SKU-8006,488,N/A,2026-03-08
SKU-5890,236,13.83,2026-12-23
SKU-2908,311,625.6,2026-01-02
SKU-6463,222,330.50,2026-01-23
SKU-7921,400,N/A,2026-09-12
SKU-8648,497,655.68,2026-07-18
SKU-5726,46,,2026-01-10
SKU-9745,469,318,2026-08-13
SKU-9851,170,662.061,2026-08-07
SKU-8891,67,346,2026-12-03
SKU-4425,246,756.9,2026-02-03
SKU-2738,287,778.4,2026-10-27
SKU-2820,168,375,2026-08-09
SKU-9173,53,911.71,2026-05-01
SKU-7957,166,452,2026-10-05
SKU-5723,93,856.60,2026-05-07
SKU-4665,202,916,2026-11-28
SKU-5517,319,895.05,2026-11-26
sku-1006,329,784.73,2026-09-16
sku-8737,49,285.15,2026-04-16
SKU-6171,46,331.69,2026-11-14
SKU-7435,113,308,2026-09-10
SKU-0495,398,582.93,2026-06-09
SKU-1140,125,762.575,2026-08-02
sku-6308,355,805,2026-01-20
SKU-2138,201,964.8,2026-10-22
SKU-7895,486,471.586,2026-02-18
SKU-8542,52,422.05,2026-09-12
SKU-5873,430,5,2026-03-09
sku-3551,427,,2026-04-23
SKU-5180,430,558.4,2026-06-13
SKU-4781,273,899.9,2026-01-05
sku-1756,328,462,2026-05-10
SKU-3588,229,819,2026-08-08
SKU-7401,219,213.619,2026-02-09
SKU-0434,97,720,2026-01-22
SKU-0666,418,107.200,2026-09-05
SKU-4744,36,845.844,2026-05-15
SKU-4496,481,498,2026-03-09
SKU-5182,227,672.2,2026-05-17
SKU-4963,307,735.11,2026-03-26
SKU-4561,254,845.42,2026-03-04
sku-9223,272,242.2,2026-08-13
sku-2116,362,7.15,2026-08-24
SKU-5632,124,,2026-11-10
SKU-1353,297,644.87,2026-03-02
SKU-3379,427,38.59,2026-02-17
sku-8174,27,93.5,2026-08-10
SKU-3139,92,N/A,2026-12-06
SKU-1242,199,273.68,2026-05-10
SKU-5240,112,410.92,2026-06-12
SKU-5178,462,662.629,2026-04-12
sku-6133,70,837.5,2026-08-20
SKU-6562,322,787.0,2026-09-18
SKU-6295,435,887.6,2026-08-26
SKU-4756,106,64,2026-02-06
SKU-5460,284,878.2,2026-10-09
SKU-4871,447,919,2026-05-25
SKU-9053,243,798.146,2026-01-14
SKU-1588,443,169.75,2026-05-07
sku-4460,301,N/A,2026-01-04
SKU-6743,277,120,2026-11-09
SKU-5288,172,106.53,2026-05-21
SKU-8472,466,978,2026-12-26
SKU-3436,366,344.35,2026-04-21
SKU-9648,465,670.55,2026-01-20
SKU-7378,80,292.566,2026-04-28
sku-0348,474,707.49,2026-09-19
SKU-1372,459,924.355,2026-04-10
SKU-4894,432,166.354,2026-12-16
SKU-1119,434,60,2026-01-20
sku-0816,145,72.13,2026-06-11
SKU-4403,499,750.4,2026-05-26
SKU-0468,52,290.0,2026-12-22
SKU-9283,181,862.59,2026-08-03
sku-9517,37,934.339,2026-03-08
sku-0848,357,323.47,2026-07-17
SKU-4225,269,332.6,2026-02-19
SKU-6798,317,325,2026-02-23
SKU-2833,263,86.245,2026-02-11
SKU-5169,143,908.56,2026-11-11
SKU-6590,468,683.155,2026-05-04
SKU-6563,485,991,2026-08-05
SKU-0993,407,873.25,2026-08-19
SKU-1754,241,911.509,2026-01-12
SKU-6728,132,756.6,2026-10-13
SKU-1044,71,37,2026-01-26
SKU-0268,263,N/A,2026-04-17
SKU-0784,484,747.918,2026-11-11
sku-2642,66,377,2026-03-20
SKU-4014,54,556.89,2026-01-28
SKU-8372,1,689,2026-04-06
SKU-8738,174,N/A,2026-02-13
SKU-1448,409,32.4,2026-04-28
SKU-1902,13,744,2026-06-28
SKU-7698,114,491,2026-06-08
SKU-4662,297,332,2026-01-25
SKU-0865,463,777,2026-12-10
SKU-1346,67,491.6,2026-03-19
SKU-5965,365,519.7,2026-05-22
sku-5207,373,90,2026-03-04
sku-7842,56,524.517,2026-12-22
SKU-7193,268,634.25,2026-09-21
SKU-6280,374,897.5,2026-03-13
SKU-3725,32,744.82,2026-07-26
SKU-6863,131,189.9,2026-07-21
sku-3508,321,125.8,2026-10-19
SKU-8624,173,404.58,2026-03-08
sku-4602,429,N/A,2026-08-17
SKU-3668,100,769.274,2026-08-18
SKU-6557,445,917,2026-10-23
SKU-5666,57,477.8,2026-12-09
SKU-3301,336,606,2026-05-16
SKU-9308,393,357.075,2026-09-24
SKU-0388,182,339.71,2026-02-05
SKU-3262,416,954.2,2026-06-13
SKU-2395,131,7.1,2026-08-21
SKU-2939,300,480.877,2026-08-15
SKU-3824,184,704,2026-02-09
SKU-7897,158,29.1,2026-08-21
SKU-2907,377,827.93,2026-02-26
SKU-6231,370,366.988,2026-09-09
SKU-9395,498,N/A,2026-07-05
SKU-0530,409,571.0,2026-02-14
SKU-5331,384,80.1,2026-11-21
SKU-2355,2,636.57,2026-03-05
sku-0056,54,832.51,2026-08-08
SKU-3109,340,419.09,2026-06-25
sku-0639,497,20,2026-10-07
SKU-2836,44,981.392,2026-07-25
SKU-9609,416,886.6,2026-07-03
SKU-5943,169,801.7,2026-02-12
SKU-5607,239,351.85,2026-01-10
sku-2260,349,450.3,2026-09-21
SKU-1732,402,,2026-02-12
SKU-6645,94,52,2026-08-25
SKU-8940,77,241.022,2026-07-11
sku-6614,414,165,2026-05-11
SKU-8966,318,528.30,2026-08-01
SKU-0517,52,,2026-01-15
SKU-3122,392,240.23,2026-02-10
SKU-6362,183,951.2,2026-04-11
SKU-8766,489,280.7,2026-12-26
SKU-6476,357,28.681,2026-05-20
SKU-9362,175,340.28,2026-08-22
SKU-8720,473,35,2026-11-11
SKU-2621,458,12.8,2026-04-24
SKU-3247,246,633.99,2026-05-22
SKU-6007,6,557.807,2026-03-04
SKU-8386,387,465.598,2026-06-24
SKU-7452,124,308,2026-08-05
SKU-9002,316,316.13,2026-12-04
sku-7934,280,309.0,2026-09-01
SKU-5887,234,583.3,2026-12-20
SKU-6301,309,945,2026-12-10
SKU-1161,43,645,2026-04-12
SKU-6703,152,808.2,2026-08-01
SKU-4898,97,472.643,2026-01-26
sku-7530,353,649.29,2026-11-12
SKU-5280,173,719.7,2026-12-17
SKU-6934,454,643.37,2026-02-10
SKU-1163,308,145.60,2026-07-24
sku-7465,486,,2026-04-17
SKU-4527,397,472,2026-08-20
SKU-4013,366,336,2026-06-25
SKU-4486,150,49.13,2026-06-04
SKU-7437,450,748,2026-09-11
SKU-7357,495,758,2026-02-24
sku-2025,242,N/A,2026-12-24
SKU-4081,265,563,2026-05-13
SKU-3966,463,476.460,2026-03-22
SKU-3905,337,993.090,2026-07-01
SKU-0161,107,193.4,2026-08-05
SKU-2162,426,,2026-06-19
SKU-9128,191,138.77,2026-01-16
SKU-9782,241,,2026-05-15
SKU-6953,417,828.720,2026-06-05
SKU-2008,174,823.29,2026-11-20
SKU-8227,225,352.84,2026-12-09
sku-9146,299,N/A,2026-11-10
SKU-1188,209,587,2026-01-01
sku-3708,419,64,2026-11-19
SKU-2658,462,450,2026-11-11
SKU-4107,333,N/A,2026-04-13
SKU-1087,5,280.37,2026-06-03
SKU-7603,478,174,2026-06-23
sku-5279,469,801.5,2026-06-23
SKU-8365,16,412.97,2026-01-19
SKU-9706,63,172.9,2026-09-12
SKU-5371,492,947.6,2026-09-03
SKU-1848,341,96,2026-05-11
SKU-6017,360,769,2026-05-16
SKU-4315,135,54.367,2026-09-02
SKU-7257,198,12.17,2026-12-04
sku-4103,177,213,2026-06-14
SKU-3775,112,875.501,2026-12-07
SKU-3800,497,823.6,2026-02-07
SKU-2276,289,733.52,2026-05-21
SKU-6239,389,432,2026-01-06
SKU-2933,165,302,2026-02-13
SKU-2957,289,80.590,2026-11-03
SKU-8689,77,65.09,2026-12-13
SKU-6287,151,718.06,2026-02-26
SKU-1872,477,N/A,2026-12-25
sku-2644,97,141.190,2026-09-09
SKU-3000,372,257.96,2026-12-04
sku-8374,46,145.2,2026-12-27
SKU-9645,358,395.23,2026-11-23
SKU-4055,94,782.3,2026-07-13
SKU-2980,446,388.858,2026-02-02
SKU-7718,427,893.3,2026-10-11
SKU-1781,400,771.430,2026-03-07
SKU-4380,483,133.9,2026-09-09
SKU-0296,286,899.163,2026-08-07
SKU-1970,181,931,2026-01-19
SKU-2552,27,,2026-12-03
SKU-9742,118,923.9,2026-09-21
SKU-1810,86,537,2026-01-16
SKU-6961,67,522.533,2026-01-25
sku-1517,61,,2026-06-20
SKU-4052,92,125.663,2026-11-02
SKU-3423,284,77,2026-03-24
SKU-3525,461,214.8,2026-02-25
SKU-0228,86,759.1,2026-07-03
