sku,qty,price,updated
SKU-0656,82,660.946,2026-03-08
SKU-1196,-60,16.821,2026-07-05
SKU-6507,329,933.3,2026-09-04
SKU-1054,438,269.4,2026-04-03
SKU-0497,353,497.983,2026-11-11
SKU-0344,386,111.93,2026-12-19
SKU-1304,410,723.981,2026-02-06
SKU-0814,256,840.283,2026-10-17
SKU-9868,151,655.67,2026-12-07
SKU-3595,126,807.563,2026-08-21
SKU-7084,83,154,2026-11-15
SKU-8507,424,567.252,2026-02-06
SKU-3521,440,963,2026-08-03
SKU-7868,45,871.2,2026-10-02
SKU-0447,375,841.5,2026-04-17
SKU-7240,19,215.704,2026-02-16
SKU-4471,399,675.64,2026-12-23
SKU-3461,195,548.8,2026-06-25
SKU-1827,0,567,2026-02-07
SKU-4136,289,84.56,2026-06-05
SKU-8474,140,257.64,2026-10-27
SKU-2740,95,818.851,2026-11-07
SKU-1207,146,822,2026-11-20
SKU-7096,103,307.93,2026-06-19
SKU-8543,396,136.81,2026-02-25
SKU-0598,411,128.6,2026-01-02
SKU-5361,99,546.397,2026-01-04
SKU-3635,76,859.757,2026-02-10
SKU-0924,295,665.8,2026-01-22
SKU-3545,84,112.0,2026-03-25
SKU-0964,387,699.224,2026-11-07
SKU-5698,263,367,2026-06-21
SKU-5165,235,581.16,2026-11-12
SKU-6653,37,996.46,2026-02-03
SKU-7831,80,185.2,2026-11-04
SKU-9923,317,603.6,2026-08-11
SKU-8267,288,652.69,2026-07-08
SKU-4432,110,874,2026-07-19
SKU-1031,217,546.37,2026-04-19
SKU-5822,323,99,2026-07-18
SKU-6963,270,878,2026-02-26
SKU-9032,419,505.30,2026-06-19
SKU-3010,145,350.14,2026-01-26
SKU-6327,449,951.17,2026-10-04
SKU-2939,332,902.014,2026-08-16
SKU-2957,32,435,2026-09-11
SKU-6439,368,742.51,2026-09-25
SKU-6578,131,941.8,2026-05-02
SKU-7203,415,16.950,2026-10-12
SKU-1239,50,3.666,2026-03-25
SKU-6456,360,530.3,2026-01-03
SKU-1743,471,108,2026-11-25
SKU-0410,49,334.8,2026-09-14
SKU-6174,378,237,2026-04-17
SKU-8285,30,271.5,2026-07-26
SKU-0534,447,588,2026-04-26
SKU-1284,46,317.0,2026-12-26
SKU-8762,436,302.9,2026-03-17
SKU-6689,-60,409,2026-02-18
SKU-6902,416,138.1,2026-04-05
SKU-1562,290,136,2026-04-20
SKU-9358,55,44.22,2026-04-02
SKU-3861,298,29.971,2026-04-28
SKU-8961,21,278.97,2026-01-06
SKU-0865,304,468,2026-09-11
SKU-0313,338,702.0,2026-06-13
SKU-1622,44,560,2026-04-10
SKU-7039,199,677,2026-01-25
SKU-0608,207,782.87,2026-06-16
SKU-9810,93,685.20,2026-12-17
SKU-4710,320,912.2,2026-02-24
SKU-2453,100,46,2026-06-16
SKU-2744,375,190.068,2026-05-10
SKU-8010,314,741.1,2026-08-02
SKU-8381,357,184.029,2026-06-03
SKU-6786,330,508.307,2026-05-04
SKU-8841,172,655.31,2026-02-14
SKU-2429,323,185,2026-06-01
SKU-6425,145,664,2026-01-06
SKU-3621,214,845.64,2026-03-20
SKU-6107,377,723.0,2026-04-22
SKU-4354,99,687.2,2026-04-12
SKU-3123,156,824.20,2026-10-13
SKU-1804,-51,614.56,2026-07-19
SKU-0624,274,177,2026-08-08
SKU-1713,162,808.35,2026-01-01
SKU-0330,328,190.8,2026-01-06
SKU-8148,476,15.7,2026-02-06
SKU-7097,492,636.58,2026-03-21
SKU-1662,294,901.622,2026-07-18
SKU-6790,455,959.5,2026-03-21
SKU-0454,426,754,2026-07-27
SKU-3548,489,229,2026-06-27
SKU-3712,43,209.7,2026-08-07
SKU-0255,176,974.905,2026-01-15
SKU-1656,299,486,2026-12-03
SKU-8581,107,773.23,2026-05-23
SKU-4213,402,421.03,2026-09-03
SKU-5439,202,691,2026-09-10
SKU-8998,214,210.87,2026-12-15
SKU-2038,412,320.8,2026-12-10
SKU-7585,243,393.4,2026-03-28
SKU-8031,149,966.71,2026-06-21
SKU-9879,232,341.0,2026-08-04
SKU-5743,151,900.5,2026-07-23
SKU-5164,192,387.42,2026-05-11
SKU-1783,57,99,2026-08-26
SKU-9695,441,930.5,2026-07-06
SKU-3600,307,936.8,2026-08-18
SKU-3612,401,553,2026-01-14
SKU-2024,456,461.44,2026-04-11
SKU-0561,349,241.493,2026-11-19
SKU-6878,115,353.745,2026-08-05
SKU-6794,265,509.1,2026-02-13
SKU-0211,264,157.03,2026-10-04
SKU-4774,-20,948.0,2026-05-09
SKU-5873,52,987.79,2026-11-25
SKU-3121,462,613.4,2026-01-26
SKU-8930,106,779,2026-11-09
SKU-3378,222,642,2026-09-19
SKU-2299,382,825.34,2026-09-17
SKU-4641,39,444,2026-08-16
SKU-2057,143,767.6,2026-10-24
SKU-9360,95,397.036,2026-08-04
SKU-4778,118,104.100,2026-02-16
SKU-6245,186,897,2026-01-03
SKU-1752,281,755.68,2026-07-28
SKU-2162,465,811,2026-09-24
SKU-2664,8,20.029,2026-03-11
SKU-7877,221,111.50,2026-03-07
SKU-1006,54,431.5,2026-07-13
SKU-9465,129,390.4,2026-08-07
SKU-8912,123,375.7,2026-03-11
SKU-0370,189,652,2026-07-12
SKU-4848,468,560.13,2026-10-11
SKU-0985,239,660.436,2026-01-22
SKU-9089,-23,290.49,2026-03-22
SKU-2871,12,732,2026-01-25
SKU-7709,166,990.13,2026-01-17
SKU-8448,442,355.0,2026-01-14
SKU-2897,330,155.933,2026-06-24
SKU-1250,56,91.5,2026-11-10
SKU-2025,300,499.31,2026-11-07
SKU-4560,395,569.256,2026-05-11
SKU-3976,426,324.647,2026-08-19
SKU-5880,428,121.62,2026-08-06
SKU-2904,10,848,2026-08-18
SKU-2876,164,456,2026-06-07
SKU-3429,332,870.967,2026-04-27
SKU-6888,188,747,2026-09-28
SKU-6897,257,963.57,2026-08-12
SKU-3239,25,426,2026-06-28
SKU-8810,306,735.9,2026-02-01
SKU-1423,200,276.7,2026-06-25
SKU-1368,241,983,2026-09-11
SKU-0016,29,278,2026-04-02
SKU-7969,307,428.514,2026-07-15
SKU-9183,449,99.59,2026-08-22
SKU-1371,477,82.045,2026-10-17
SKU-7444,12,191.2,2026-12-22
SKU-2189,-48,967.3,2026-10-21
SKU-7979,188,701.5,2026-08-20
SKU-9971,4,887,2026-05-22
SKU-0003,128,369.895,2026-09-11
SKU-5260,177,217,2026-10-08
SKU-6297,214,510.337,2026-01-25
SKU-1732,393,963.9,2026-04-14
SKU-6283,22,395,2026-07-24
SKU-1729,467,246.0,2026-05-10
SKU-8616,209,501.3,2026-01-11
SKU-8632,299,728.9,2026-05-01
SKU-9178,10,916.683,2026-02-15
SKU-3749,34,593.7,2026-06-10
SKU-3283,-25,780.70,2026-08-17
SKU-1367,287,898.480,2026-08-25
SKU-3711,272,551.659,2026-02-03
SKU-7156,286,147,2026-07-18
SKU-6678,209,530.1,2026-06-22
SKU-7433,173,183,2026-02-03
SKU-5635,112,335,2026-12-03
SKU-6876,427,574,2026-05-26
SKU-1323,54,570.4,2026-12-28
SKU-1267,415,560,2026-12-19
SKU-8905,81,356,2026-02-13
SKU-2176,220,192.2,2026-08-20
SKU-4476,420,579.957,2026-10-01
SKU-6574,443,338.595,2026-04-03
SKU-3201,442,404.8,2026-08-18
SKU-0661,367,72.0,2026-06-22
SKU-0290,231,462.011,2026-11-11
SKU-1076,97,94.27,2026-06-03
SKU-4138,130,363,2026-04-22
SKU-9036,390,42.38,2026-10-10
SKU-2412,42,766.40,2026-02-27
SKU-7137,108,468.7,2026-08-12
SKU-7255,226,45.892,2026-03-11
SKU-0707,76,991.4,2026-03-18
SKU-0679,325,369.6,2026-01-01
SKU-8515,391,495.9,2026-12-01
SKU-6607,87,570.902,2026-04-26
SKU-5625,336,989,2026-01-25
SKU-9114,-11,976.3,2026-06-06
SKU-1381,218,364.3,2026-12-05
SKU-3597,34,169.12,2026-08-05
SKU-6918,4,60,2026-11-01
SKU-3781,131,520,2026-05-20
SKU-8017,463,271,2026-06-17
SKU-7452,481,418.9,2026-03-11
SKU-4585,19,553,2026-04-28
SKU-7246,-32,365.6,2026-08-26
SKU-9264,486,771,2026-05-19
SKU-2805,106,583.304,2026-12-09
SKU-1564,-46,531.2,2026-12-25
SKU-1480,101,225.19,2026-12-05
SKU-1295,463,804.86,2026-03-16
SKU-2018,184,142.990,2026-07-14
SKU-4715,44,867.050,2026-11-12
SKU-2888,133,921.358,2026-05-28
SKU-8411,365,655,2026-09-15
SKU-8385,471,744.99,2026-10-11
SKU-9371,336,231.6,2026-01-11
SKU-7888,91,656,2026-05-07
SKU-0276,-54,326.6,2026-01-20
SKU-0029,205,305.646,2026-05-04
SKU-8865,464,139.6,2026-12-22
SKU-8088,497,233.95,2026-05-24
SKU-5534,248,529.5,2026-01-25
SKU-6669,139,130.18,2026-08-13
SKU-1981,235,304.7,2026-10-08
SKU-5223,437,670.63,2026-10-22
SKU-5535,249,901.7,2026-06-13
SKU-5668,262,772,2026-07-13
SKU-5181,296,38.27,2026-06-17
SKU-0718,45,59,2026-07-28
SKU-2807,149,888,2026-08-25
SKU-1027,305,656.52,2026-04-25
SKU-0446,-8,59.5,2026-11-18
SKU-5523,354,698,2026-05-17
SKU-4263,295,56.7,2026-04-19
SKU-3114,436,854.8,2026-06-27
SKU-1259,221,563.910,2026-09-22
SKU-2292,-50,865.4,2026-11-16
SKU-0777,476,880,2026-10-12
SKU-1283,152,957,2026-04-21
SKU-4904,41,437,2026-12-26
SKU-0858,322,743.8,2026-04-20
SKU-5298,167,745.1,2026-03-01
SKU-4411,218,540.71,2026-08-04
SKU-1351,432,887,2026-03-01
SKU-7755,77,440.858,2026-06-14
SKU-1053,151,727,2026-12-15
SKU-0001,121,406.0,2026-11-09
SKU-3828,90,698.695,2026-06-26
SKU-4801,186,208.680,2026-01-14
SKU-2358,207,410.198,2026-01-07
SKU-3641,496,435.03,2026-02-25
SKU-2426,337,237.7,2026-09-28
SKU-1859,165,447.61,2026-09-25
SKU-9338,93,273.167,2026-06-19
SKU-2967,440,209,2026-08-13
SKU-0873,358,311,2026-11-18
SKU-5729,119,323,2026-12-16
SKU-6249,426,53.78,2026-10-20
SKU-5537,353,552.4,2026-11-16
SKU-8526,344,384.86,2026-05-07
SKU-7921,358,27,2026-06-25
SKU-8051,34,534.369,2026-06-28
SKU-1993,-46,355.724,2026-07-25
SKU-9278,270,237.5,2026-11-05
SKU-1861,25,827.69,2026-09-28
SKU-7358,291,171.677,2026-10-18
SKU-1364,163,741,2026-02-10
SKU-4938,414,963.715,2026-07-10
SKU-3230,167,770.6,2026-07-03
SKU-2670,273,823.23,2026-07-04
SKU-9024,220,606.3,2026-05-05
SKU-0462,154,498,2026-09-09
SKU-1882,483,568.06,2026-04-05
SKU-0286,148,85.24,2026-07-16
SKU-2823,191,762,2026-04-15
SKU-3975,167,196.5,2026-06-22
SKU-2539,172,240.4,2026-01-19
SKU-5738,259,740.570,2026-11-27
SKU-6736,262,350,2026-05-05
SKU-2152,248,893,2026-06-26
SKU-5680,436,110,2026-03-05
SKU-8493,170,122.240,2026-07-06
SKU-0803,408,467.48,2026-06-19
SKU-1439,282,777.6,2026-04-01
SKU-6740,32,707.09,2026-02-26
SKU-1045,115,377.70,2026-09-20
SKU-4466,-45,973.8,2026-06-28
SKU-0280,470,769.371,2026-05-13
SKU-7139,203,190.30,2026-04-06
SKU-0658,362,617,2026-10-24
SKU-3361,293,388.9,2026-11-15
SKU-4306,262,152.236,2026-09-02
SKU-8003,57,13,2026-01-12
SKU-8747,476,832.171,2026-11-15
SKU-0335,215,346.540,2026-08-22
SKU-9528,480,768.852,2026-12-15
SKU-1848,77,886.7,2026-06-28
SKU-6685,221,460.65,2026-08-14
SKU-3677,441,953.973,2026-07-17
SKU-9168,8,200.970,2026-05-05
SKU-6845,145,980.719,2026-07-19
SKU-5047,89,78.69,2026-04-05
SKU-4655,395,331.8,2026-03-03
SKU-0455,224,586,2026-06-22
SKU-3272,410,451.03,2026-06-23
SKU-4561,272,506.55,2026-06-24
SKU-3486,141,994.44,2026-05-16
SKU-0408,132,590,2026-08-04
SKU-8240,416,601,2026-07-19
SKU-4965,197,182,2026-10-27
SKU-4412,410,513,2026-02-13
SKU-3629,294,914.2,2026-12-11
SKU-3650,312,421.66,2026-04-05
SKU-9369,219,393.10,2026-11-27
SKU-4496,104,225.1,2026-10-18
SKU-4909,24,556.6,2026-01-05
SKU-0140,163,728.09,2026-07-22
SKU-2751,-36,327,2026-07-14
SKU-4093,315,915.1,2026-01-21
SKU-5834,22,709.499,2026-12-16
SKU-0281,457,972.6,2026-09-10
SKU-9643,461,271.5,2026-10-20
SKU-9624,425,678.494,2026-06-13
SKU-8598,360,185,2026-03-15
SKU-9172,350,745,2026-06-01
SKU-1669,278,102.19,2026-02-19
SKU-0781,334,843.4,2026-12-17
SKU-0217,188,830.34,2026-03-14
SKU-0979,109,441.06,2026-10-04
SKU-9282,232,732.80,2026-01-04
SKU-8291,442,71,2026-06-18
SKU-6843,338,849.2,2026-03-20
SKU-1587,173,602.9,2026-09-23
SKU-9236,46,187.95,2026-06-24
SKU-4979,39,830.337,2026-12-25
SKU-6837,470,252.7,2026-09-02
SKU-8631,132,739.79,2026-07-03
SKU-1495,224,467,2026-05-15
SKU-7478,33,982.82,2026-04-26
SKU-1279,58,889.991,2026-09-07
SKU-9192,431,377.074,2026-07-16
SKU-1594,82,680,2026-04-19
SKU-2515,346,147,2026-05-03
SKU-0035,57,839.0,2026-02-01
SKU-1025,445,231,2026-12-23
SKU-2994,119,476,2026-11-01
SKU-8617,-31,107.406,2026-11-02
SKU-5056,252,883,2026-12-05
SKU-3306,57,814.465,2026-12-08
SKU-4121,226,8.305,2026-10-10
SKU-7368,27,460.0,2026-05-23
SKU-5966,383,606.0,2026-01-13
SKU-9771,315,861,2026-08-15
SKU-7276,13,638.1,2026-08-08
SKU-0700,343,447,2026-10-12
SKU-5107,54,982,2026-07-06
SKU-9347,228,848.5,2026-11-13
SKU-1401,209,156.290,2026-12-12
SKU-4822,469,525,2026-04-05
SKU-8639,-50,650.12,2026-05-09
SKU-9442,242,990,2026-05-26
SKU-3708,364,794.353,2026-08-08
SKU-1105,376,525.73,2026-01-28
SKU-0616,125,724,2026-03-01
SKU-2243,464,938.4,2026-04-13
SKU-9822,34,833.637,2026-10-22
SKU-0068,318,163.841,2026-01-07
SKU-5147,264,541,2026-03-01
SKU-2910,363,424.492,2026-08-15
SKU-6651,227,343.541,2026-12-07
SKU-4988,367,437,2026-09-27
SKU-5812,100,246.208,2026-02-23
SKU-9228,418,153.253,2026-01-19
SKU-1442,126,711.32,2026-06-04
SKU-6260,234,640.082,2026-10-25
SKU-1057,-52,679.988,2026-01-27
SKU-2780,450,653.751,2026-10-23
SKU-4806,328,741,2026-06-16
SKU-9770,64,583.3,2026-06-04
SKU-8868,0,177.034,2026-04-16
SKU-9740,370,146,2026-08-10
SKU-0608,385,496.7,2026-01-26
SKU-4446,88,60.3,2026-06-25
SKU-2458,251,667.305,2026-01-21
SKU-6126,317,12.221,2026-03-05
SKU-3066,54,379.7,2026-05-23
SKU-6058,118,650.908,2026-07-02
SKU-9395,148,356,2026-02-06
SKU-6835,228,901,2026-02-06
SKU-3341,423,507.895,2026-01-08
SKU-1707,305,267.691,2026-04-21
SKU-7636,92,690.9,2026-08-23
SKU-9213,365,850.0,2026-03-04
SKU-2793,118,209.178,2026-01-01
SKU-4971,35,824,2026-02-16
SKU-9325,121,728.78,2026-01-10
SKU-5430,277,49.09,2026-09-22
SKU-3849,126,551,2026-03-03
SKU-4462,457,718,2026-12-19
SKU-9657,218,181.8,2026-09-27
SKU-0935,336,295.658,2026-05-06
SKU-6966,31,108.90,2026-09-06
SKU-6705,409,562,2026-08-16
SKU-5975,249,426,2026-03-12
SKU-0931,43,562.223,2026-02-07
SKU-5564,63,643.7,2026-02-14
SKU-3825,89,975.8,2026-11-15
SKU-9665,73,349.7,2026-04-04
SKU-8111,467,362.829,2026-10-18
SKU-4718,204,240.222,2026-05-16
SKU-5176,344,397.846,2026-10-04
SKU-6020,458,909,2026-03-27
SKU-7799,366,832,2026-04-17
SKU-5050,387,550.087,2026-05-16
SKU-1638,310,174.3,2026-04-22
SKU-7057,192,552.4,2026-04-22
SKU-4575,381,126.082,2026-08-15
SKU-6401,215,15.290,2026-10-27
SKU-4081,369,569,2026-07-24
SKU-1374,276,868,2026-07-10
SKU-9603,124,755.2,2026-11-21
SKU-6144,264,288,2026-12-26
SKU-5943,44,171.890,2026-03-28
SKU-5152,193,318,2026-04-27
SKU-2982,347,101,2026-12-01
SKU-3533,63,187,2026-11-11
SKU-5503,387,562.2,2026-07-03
SKU-6093,81,780.929,2026-05-28
SKU-5896,90,723.721,2026-03-28
SKU-5569,73,681.6,2026-02-13
SKU-2076,233,501,2026-02-13
SKU-7202,460,987,2026-06-06
SKU-5349,437,801.0,2026-03-16
SKU-2253,406,547,2026-07-23
SKU-0009,325,346,2026-11-24
SKU-3760,12,261.6,2026-08-12
SKU-9512,319,130.359,2026-09-23
SKU-9965,16,793.44,2026-10-19
SKU-1627,207,226.9,2026-05-13
SKU-3359,301,301.44,2026-10-13
SKU-3450,167,846.9,2026-11-27
SKU-2528,58,290.8,2026-11-20
SKU-7839,352,311.72,2026-02-24
SKU-0569,307,398,2026-07-12
SKU-3512,124,944,2026-03-06
SKU-2648,167,224,2026-07-16
SKU-1801,399,522.64,2026-02-13
SKU-1281,1,776.99,2026-06-22
SKU-3926,106,413.3,2026-11-08
SKU-9829,418,353.2,2026-04-04
SKU-6201,386,147.75,2026-06-02
SKU-0312,76,835.1,2026-04-18
SKU-2394,93,492.897,2026-01-19
SKU-7234,360,846.48,2026-04-16
SKU-1347,410,441,2026-10-08
SKU-0848,368,618.0,2026-11-06
SKU-4020,409,868.91,2026-09-11
SKU-6432,145,980.0,2026-09-13
SKU-7497,97,532.38,2026-12-16
SKU-3082,96,339.0,2026-03-20
SKU-8196,188,270.118,2026-06-17
SKU-2307,425,550.061,2026-10-09
SKU-0268,224,229.973,2026-04-04
SKU-3877,45,623,2026-03-05
SKU-2524,7,799.507,2026-08-20
SKU-3830,487,732,2026-11-27
SKU-1983,407,188.645,2026-03-16
SKU-3213,347,910.7,2026-05-08
SKU-1158,416,602,2026-04-15
SKU-0637,165,289.91,2026-11-14
SKU-1037,113,656.947,2026-06-13
SKU-3405,466,90,2026-02-10
SKU-7957,425,14.6,2026-03-24
SKU-8486,441,560.170,2026-09-17
SKU-9408,452,60.836,2026-05-15
SKU-2450,234,603.94,2026-11-10
SKU-1708,493,396.013,2026-03-25
SKU-4930,102,976.4,2026-02-11
SKU-7887,406,45.02,2026-10-12
SKU-8322,267,975,2026-06-14
SKU-8198,128,4.411,2026-12-07
SKU-5995,323,301.2,2026-09-21
SKU-1966,7,758,2026-11-15
SKU-6054,123,857.486,2026-06-27
SKU-9497,333,447.31,2026-08-06
SKU-4023,356,106.242,2026-08-07
SKU-4628,156,291,2026-03-17
SKU-2601,400,393.3,2026-12-06
SKU-3847,277,155.4,2026-06-21
SKU-1576,390,269.633,2026-12-26
SKU-4765,125,592.096,2026-10-22
SKU-9347,2,842.65,2026-04-15
SKU-7501,50,616,2026-05-28
SKU-9979,396,680.6,2026-09-17
SKU-2613,228,67.46,2026-09-10
SKU-4045,102,498.41,2026-09-06
SKU-0775,66,238.755,2026-03-18
SKU-9420,105,337,2026-01-10
SKU-6707,109,355.78,2026-09-13
SKU-4180,339,118.902,2026-02-05
SKU-2526,375,474.42,2026-11-11
SKU-9843,84,818.2,2026-02-28
SKU-3681,391,704.817,2026-09-27
SKU-3357,184,310.217,2026-04-07
SKU-8937,335,850.8,2026-11-12
SKU-7296,157,299.9,2026-10-14
SKU-3986,356,480.9,2026-10-09
SKU-6476,197,424.7,2026-01-03
SKU-3415,36,927.05,2026-04-24
SKU-8301,294,973,2026-02-17
SKU-9769,183,512,2026-09-21
SKU-1258,243,945.3,2026-08-08
SKU-2591,3,469.6,2026-04-12
SKU-3931,455,275.01,2026-11-11
SKU-1378,483,676,2026-03-09
SKU-7727,467,763.6,2026-04-25
SKU-7164,78,51.44,2026-03-25
SKU-3354,445,294.240,2026-03-19
SKU-8735,263,860.7,2026-06-24
SKU-9791,387,881.65,2026-05-13
SKU-7666,460,300.0,2026-04-25
SKU-8640,189,931.616,2026-11-04
SKU-7356,273,40.89,2026-11-16
SKU-7716,114,779.86,2026-08-23
SKU-5169,187,305.1,2026-11-01
SKU-7899,259,540,2026-05-04
SKU-4370,203,691.2,2026-06-18
SKU-0100,97,697.866,2026-08-24
SKU-1252,10,476.11,2026-12-07
SKU-7059,489,977,2026-07-02
SKU-7049,204,534.765,2026-10-11
SKU-2497,171,50.913,2026-04-13
SKU-4483,96,14.13,2026-07-26
SKU-0046,337,383.3,2026-01-28
SKU-9146,250,103,2026-12-15
SKU-7017,499,655.7,2026-03-17
SKU-9227,131,399.6,2026-11-06
SKU-7631,22,109,2026-04-11
SKU-5434,9,817.7,2026-07-16
SKU-4985,492,850.197,2026-11-10
SKU-9670,234,893.29,2026-06-12
SKU-0488,19,101.75,2026-10-16
SKU-1490,410,913.105,2026-09-14
SKU-4455,229,878.919,2026-09-13
SKU-3657,70,774.464,2026-05-16
SKU-4583,373,368.889,2026-12-21
SKU-7389,339,37.6,2026-12-03
SKU-3626,275,486.5,2026-05-24
SKU-3683,375,793,2026-07-07
SKU-9241,390,372,2026-11-15
SKU-2396,387,581.10,2026-11-15
SKU-3329,294,140.6,2026-05-24
SKU-6464,457,791,2026-07-14
SKU-5661,15,791.2,2026-01-16
SKU-6489,68,327.34,2026-03-21
SKU-4954,308,902.67,2026-03-22
SKU-3907,407,183.413,2026-07-12
SKU-6042,222,128.94,2026-11-02
SKU-8344,252,61.27,2026-08-20
SKU-4650,258,487.138,2026-01-05
SKU-3179,119,120,2026-05-15
SKU-8309,308,916.6,2026-09-26
SKU-9357,423,889.77,2026-05-25
SKU-5260,205,780.317,2026-01-27
SKU-4744,383,737.5,2026-06-02
SKU-3536,295,771.3,2026-03-08
SKU-3417,43,676.824,2026-12-03
SKU-3075,143,823.3,2026-07-18
SKU-1059,118,980,2026-02-20
SKU-6117,245,147.058,2026-07-16
SKU-1436,351,202,2026-11-27
SKU-9163,133,214,2026-03-02
SKU-2549,320,991.8,2026-11-02
SKU-8405,163,742.94,2026-07-07
SKU-2462,15,571,2026-02-04
SKU-4771,362,908.99,2026-02-16
SKU-4188,0,473.2,2026-04-19
SKU-2538,421,925.8,2026-01-04
SKU-3898,43,736,2026-07-28
SKU-5621,325,730.852,2026-07-24
SKU-2694,57,474.9,2026-02-01
SKU-5982,468,741.0,2026-11-10
SKU-4161,107,969.0,2026-02-14
SKU-8427,61,407.7,2026-11-17
SKU-8618,334,236.0,2026-07-08
SKU-6272,471,19,2026-09-24
SKU-9138,126,374.299,2026-06-12
SKU-5548,382,553.1,2026-07-08
SKU-5728,60,517,2026-12-09
SKU-7148,88,711,2026-06-18
SKU-3146,201,184,2026-05-21
SKU-3667,108,101.451,2026-05-17
SKU-2474,213,751,2026-01-07
SKU-2364,262,931,2026-05-18
SKU-7895,238,887.030,2026-09-06
SKU-9744,52,934.4,2026-01-20
SKU-0173,104,69,2026-09-22
SKU-0148,440,223,2026-10-10
SKU-4579,256,694.86,2026-03-19
SKU-4640,477,880.1,2026-03-12
SKU-5824,218,213.738,2026-08-01
SKU-6939,119,757.9,2026-10-24
SKU-9930,68,312,2026-01-07
SKU-7660,16,910.68,2026-09-19
SKU-7835,66,232.2,2026-06-18
SKU-0517,55,895.588,2026-11-04
SKU-6821,178,899,2026-11-13
SKU-5068,86,503.708,2026-11-15
SKU-6349,86,816.78,2026-05-01
SKU-7823,267,378.911,2026-07-08
SKU-3446,98,671.16,2026-07-15
SKU-5032,467,472.2,2026-07-26
SKU-8875,359,307,2026-07-12
SKU-0244,371,953.02,2026-01-05
SKU-0188,70,857.56,2026-12-19
SKU-7375,251,130,2026-07-10
SKU-6576,50,864.6,2026-09-14
SKU-2424,348,560.8,2026-11-23
SKU-3577,175,199.467,2026-12-17
SKU-1273,133,38.97,2026-03-02
SKU-8500,216,100,2026-06-06
SKU-3028,205,191.7,2026-06-27
SKU-8024,5,174.04,2026-06-04
SKU-9888,468,253,2026-03-08
SKU-8451,420,607.453,2026-08-10
SKU-1563,444,520.503,2026-09-27
SKU-7896,98,363.533,2026-05-09
SKU-3447,281,729.9,2026-08-27
SKU-6455,369,445.193,2026-06-04
SKU-4126,281,641.5,2026-10-02
SKU-8759,323,975.96,2026-10-08
SKU-5084,453,724.627,2026-07-05
SKU-4687,72,580.47,2026-02-26
SKU-4231,187,113.384,2026-04-21
SKU-2658,465,625.978,2026-02-21
SKU-5806,70,583.6,2026-01-25
SKU-3048,110,492.645,2026-07-01
SKU-2637,380,933,2026-06-16
SKU-0892,107,827.44,2026-06-17
SKU-1808,257,541.46,2026-11-07
SKU-0193,294,340.83,2026-03-06
SKU-8629,305,643.589,2026-11-27
SKU-3138,42,505.74,2026-07-18
SKU-5316,491,415.5,2026-09-10
SKU-5482,162,392.93,2026-06-20
SKU-9574,227,764.18,2026-01-13
SKU-4641,197,287.8,2026-02-12
SKU-4206,90,600.635,2026-11-11
SKU-7163,95,606,2026-09-28
SKU-5080,137,465.2,2026-08-01
SKU-4801,369,5.1,2026-07-16
SKU-8012,374,85,2026-10-17
SKU-6495,-17,977.63,2026-06-24
SKU-9484,290,685.1,2026-07-19
SKU-0186,411,452.07,2026-05-10
SKU-7922,285,528,2026-05-27
SKU-8355,327,407.5,2026-10-11
SKU-2486,375,857.8,2026-01-05
SKU-8957,462,866,2026-10-21
SKU-1730,132,102.0,2026-02-03
SKU-0261,340,300,2026-07-24
SKU-8223,241,313.4,2026-02-22
SKU-5460,86,216.5,2026-06-18
SKU-7450,285,458.57,2026-10-25
SKU-0484,51,950.0,2026-03-25
SKU-1512,427,67,2026-02-27
SKU-9185,134,870.259,2026-12-15
SKU-5473,133,907.137,2026-05-26
SKU-9265,218,68.1,2026-06-12
SKU-9958,99,2.265,2026-05-04
SKU-7931,482,284.99,2026-03-25
SKU-4548,166,431.551,2026-06-05
SKU-8444,95,969.71,2026-12-15
SKU-1157,-12,769.0,2026-09-04
SKU-6180,221,243,2026-02-28
SKU-5190,63,639.868,2026-11-06
SKU-5472,166,146,2026-09-14
SKU-4893,17,840.6,2026-10-16
SKU-0468,362,740.950,2026-02-13
SKU-9223,417,993.959,2026-08-15
SKU-2167,310,364.819,2026-11-24
SKU-7564,378,826,2026-09-27
SKU-6562,-58,346,2026-07-04
SKU-6623,456,902.46,2026-07-14
SKU-9593,71,559.569,2026-01-16
SKU-0575,152,532.6,2026-09-13
SKU-9002,433,587,2026-04-24
SKU-3157,298,17.527,2026-10-08
SKU-4627,321,61,2026-05-10
SKU-9482,151,650.5,2026-12-16
SKU-7384,2,258.942,2026-05-03
SKU-6278,232,382.95,2026-03-17
SKU-3245,422,52.787,2026-07-06
SKU-4201,131,410.78,2026-09-21
SKU-2086,285,157.58,2026-05-01
SKU-9496,35,815,2026-07-26
SKU-9426,29,19.262,2026-08-27
SKU-4225,41,962,2026-12-03
SKU-6677,318,524.677,2026-10-14
SKU-4060,424,834,2026-03-12
SKU-0064,369,936.2,2026-07-16
SKU-3929,20,763,2026-04-18
SKU-0483,444,483,2026-06-27
SKU-6012,165,294.4,2026-09-23
SKU-9023,83,320.1,2026-09-15
SKU-3044,83,286,2026-02-06
SKU-3740,468,659,2026-10-24
SKU-0404,445,505.5,2026-03-28
SKU-2183,216,165.32,2026-09-11
SKU-2157,94,165.1,2026-01-14
SKU-2123,203,687.77,2026-06-03
SKU-0272,-2,637.171,2026-07-21
SKU-6631,2,832.803,2026-08-24
SKU-4199,308,992.50,2026-01-16
SKU-0882,219,564.431,2026-08-07
SKU-3125,7,946.5,2026-05-13
SKU-2662,367,332.359,2026-05-12
SKU-8001,199,324,2026-04-01
SKU-0966,492,4,2026-07-24
SKU-9739,110,320.21,2026-11-11
SKU-9389,439,114,2026-08-23
SKU-2553,421,551.042,2026-01-27
SKU-2435,427,608,2026-06-04
SKU-2089,13,189.5,2026-10-17
SKU-6686,154,446.24,2026-09-20
SKU-7374,-5,378.81,2026-11-05
SKU-2895,145,287.07,2026-01-19
SKU-7933,268,906.440,2026-01-11
SKU-0477,249,327.30,2026-10-03
SKU-6399,173,130,2026-05-13
SKU-0501,338,704.775,2026-10-09
SKU-2225,171,864.993,2026-09-12
SKU-0863,407,52,2026-05-14
SKU-9423,362,237.952,2026-12-16
SKU-8827,11,102.204,2026-04-06
SKU-2273,399,63.35,2026-03-24
SKU-6871,392,365.281,2026-04-20
SKU-6961,101,859.298,2026-07-24
SKU-9816,176,603.03,2026-02-18
SKU-2151,242,731.25,2026-10-02
SKU-4204,200,462.444,2026-06-19
SKU-7772,274,170.35,2026-12-08
SKU-3465,336,887,2026-06-18
SKU-2211,174,62.420,2026-02-05
SKU-5523,-17,822,2026-09-25
SKU-2930,49,9.62,2026-04-06
SKU-4169,373,39.70,2026-11-18
SKU-2272,40,450.2,2026-01-23
SKU-1143,61,410.93,2026-06-17
SKU-6533,444,917.6,2026-08-26
SKU-8900,127,617.2,2026-08-17
SKU-0337,9,960.45,2026-11-24
SKU-2972,68,30.52,2026-05-21
SKU-6636,394,646,2026-06-01
SKU-0320,436,64.6,2026-06-24
SKU-6402,198,440.642,2026-03-10
SKU-2854,252,322.4,2026-09-23
SKU-0437,345,790.62,2026-06-06
SKU-9411,275,82.00,2026-11-28
SKU-4387,377,642.087,2026-07-22
SKU-3308,422,377,2026-03-19
SKU-2420,142,971.6,2026-11-27
SKU-6001,194,516.84,2026-01-02
SKU-7233,353,267.446,2026-04-04
SKU-5680,477,848.0,2026-01-28
SKU-4512,46,757.770,2026-05-20
SKU-1731,276,132.2,2026-01-10
SKU-8152,384,613.659,2026-09-03
SKU-6043,53,91.007,2026-11-08
SKU-5180,18,39.466,2026-12-02
SKU-2598,388,203.178,2026-12-24
SKU-6990,179,916.19,2026-11-03
SKU-3142,212,633.506,2026-06-06
SKU-2564,295,901.2,2026-12-16
SKU-4397,272,807.9,2026-02-02
SKU-6196,337,826.6,2026-05-10
SKU-9255,77,205,2026-02-06
SKU-3713,145,890.4,2026-06-03
SKU-4913,11,766.3,2026-07-17
SKU-7001,56,309.5,2026-05-10
SKU-9276,268,337.01,2026-02-16
SKU-2527,152,81.48,2026-06-07
SKU-3875,343,328,2026-07-24
SKU-9806,35,721,2026-02-11
SKU-6787,138,413,2026-01-06
SKU-6537,93,952,2026-11-06
SKU-0601,282,357.73,2026-12-05
SKU-8341,415,103.697,2026-01-21
SKU-7331,448,264.114,2026-11-23
SKU-0810,112,139.1,2026-12-25
SKU-0893,259,429.825,2026-11-24
SKU-9310,106,14.44,2026-11-23
SKU-9904,260,189.0,2026-04-26
SKU-3433,22,892.4,2026-09-22
SKU-3634,379,656.6,2026-07-27
SKU-6395,60,997.88,2026-08-09
SKU-5212,113,88.757,2026-04-08
SKU-1950,439,444.5,2026-12-01
SKU-0144,218,962.2,2026-11-18
SKU-7623,172,301.990,2026-02-18
SKU-9927,359,320.2,2026-02-20
SKU-8673,345,583.442,2026-02-26
SKU-9306,74,745.76,2026-08-22
SKU-5573,494,714.89,2026-12-19
SKU-2971,157,251,2026-10-15
SKU-7424,428,202.2,2026-02-12
SKU-9638,28,734.83,2026-06-15
SKU-2333,59,878.295,2026-12-28
SKU-3349,-59,852.3,2026-12-02
SKU-5261,376,787,2026-09-24
SKU-1446,360,301.44,2026-01-11
SKU-8229,402,397.86,2026-06-20
SKU-3472,127,284.21,2026-06-21
SKU-7355,382,598.644,2026-12-19
SKU-6811,76,698.6,2026-07-14
SKU-9244,83,310.892,2026-09-02
SKU-0757,-58,446.85,2026-08-18
SKU-4648,-54,104,2026-02-02
SKU-5584,140,712,2026-11-02
SKU-3406,441,265.161,2026-08-26
SKU-1983,158,682.959,2026-06-23
SKU-8386,401,468,2026-06-05
SKU-0888,98,565,2026-03-17
SKU-6646,53,117,2026-02-22
SKU-1431,177,567.695,2026-07-26
SKU-2219,-45,309.167,2026-08-03
SKU-3991,190,50.1,2026-02-03
SKU-6752,54,612,2026-03-22
SKU-1535,387,948.35,2026-11-26
SKU-5383,103,237.1,2026-05-06
SKU-8161,93,205.32,2026-07-11
SKU-0611,437,449,2026-10-16
SKU-5326,441,640.3,2026-09-05
SKU-4554,-11,208.84,2026-09-11
SKU-4609,465,852.57,2026-04-26
SKU-0896,291,774.01,2026-02-19
SKU-6326,429,832.1,2026-08-20
SKU-4771,84,795.845,2026-08-27
SKU-7115,220,513.6,2026-01-19
SKU-7432,83,594,2026-01-08
SKU-6942,119,329,2026-05-19
SKU-1629,460,521.139,2026-09-16
SKU-5545,361,944.142,2026-11-22
SKU-7662,78,707.7,2026-02-04
SKU-4230,298,947.635,2026-08-01
SKU-8585,42,569.8,2026-12-15
SKU-0315,486,91.169,2026-10-25
SKU-9756,203,894.25,2026-11-07
SKU-2930,-23,18.11,2026-10-13
SKU-5899,390,395,2026-08-08
SKU-4874,480,393.4,2026-08-09
SKU-6118,-27,794.19,2026-05-04
SKU-7245,419,330.5,2026-09-04
SKU-2511,485,951,2026-09-02
SKU-1118,48,162,2026-08-11
SKU-5532,409,772.05,2026-09-18
SKU-1630,68,944,2026-04-15
SKU-1843,49,67.5,2026-12-05
SKU-1340,290,900.24,2026-05-24
SKU-1866,29,810,2026-05-17
SKU-2301,377,701.8,2026-11-12
SKU-2001,350,313.9,2026-08-12
SKU-2366,287,648.364,2026-10-23
SKU-1006,422,810,2026-02-16
SKU-5392,312,222.9,2026-04-22
SKU-4807,338,277.22,2026-01-15
SKU-5866,168,616.5,2026-10-11
SKU-2479,45,299,2026-08-16
SKU-0612,382,485.3,2026-11-04
SKU-7311,161,320,2026-11-21
SKU-9718,83,975.298,2026-12-03
SKU-9262,383,778.62,2026-08-15
SKU-8093,185,605.751,2026-07-16
SKU-9397,255,22.67,2026-01-22
SKU-9633,288,410.8,2026-09-25
SKU-4515,444,866,2026-05-09
SKU-8754,215,823.523,2026-08-23
SKU-0826,320,236.367,2026-09-19
SKU-7103,118,277,2026-05-05
SKU-0962,2,128.16,2026-12-19
SKU-8621,-47,613.8,2026-04-20
SKU-5619,441,369.174,2026-05-07
SKU-7400,317,791,2026-04-08
SKU-4670,412,7,2026-10-10
SKU-9840,389,113,2026-05-11
SKU-4724,343,102.6,2026-12-18
SKU-0161,297,668,2026-04-18
SKU-9445,239,580.9,2026-04-10
SKU-4934,191,261.667,2026-10-05
SKU-2290,436,80.0,2026-06-27
SKU-8769,127,529.182,2026-12-16
SKU-9804,65,380.313,2026-08-21
SKU-4404,270,69.7,2026-05-21
SKU-3139,42,678.87,2026-09-24
SKU-0968,153,369.9,2026-08-11
SKU-8846,-35,476,2026-04-18
SKU-9937,463,380,2026-04-03
SKU-1855,411,799.138,2026-06-14
SKU-9627,-20,119.350,2026-04-28
SKU-6575,436,444.60,2026-03-21
SKU-3824,51,383.5,2026-05-12
SKU-1201,155,564.500,2026-01-18
SKU-9339,96,38.735,2026-06-18
SKU-4843,255,985.9,2026-03-09
SKU-0506,150,362.679,2026-07-13
SKU-3792,244,727.21,2026-02-18
SKU-2285,60,78.8,2026-04-03
SKU-0621,75,329.16,2026-04-05
SKU-1578,469,222.86,2026-09-28
SKU-0634,492,251.47,2026-10-12
SKU-6443,336,440.5,2026-10-24
SKU-1414,351,609,2026-06-08
SKU-0389,418,726.5,2026-01-27
SKU-5987,426,948,2026-07-23
SKU-3525,379,121.069,2026-02-08
SKU-5919,-55,824.016,2026-11-21
SKU-3189,40,59.248,2026-10-23
SKU-8380,54,187.002,2026-10-12
SKU-7778,195,862.2,2026-07-02
SKU-6747,372,160,2026-06-21
SKU-0213,298,548.91,2026-12-10
SKU-4741,51,15.6,2026-11-01
SKU-8583,301,942.80,2026-08-07
SKU-8810,151,604,2026-07-21
SKU-5079,184,406.4,2026-04-01
SKU-8435,26,20.565,2026-07-02
SKU-3293,451,317.51,2026-01-06
SKU-1162,478,477.7,2026-02-13
SKU-4343,472,242.5,2026-12-20
SKU-4195,478,130.3,2026-11-04
SKU-9819,389,847.972,2026-02-26
SKU-7526,459,808.286,2026-03-11
SKU-2368,367,62.0,2026-12-22
SKU-1338,387,643,2026-11-14
SKU-9356,154,262.69,2026-11-16
SKU-9749,419,875.670,2026-03-15
SKU-5338,95,659.13,2026-02-10
SKU-0068,200,980.22,2026-09-13
SKU-7792,235,13.4,2026-06-27
SKU-9199,196,786.9,2026-10-21
SKU-6494,-31,658.22,2026-03-11
SKU-4743,83,719.32,2026-02-18
SKU-5372,474,884.501,2026-08-28
SKU-7708,364,497.9,2026-10-20
SKU-9774,18,105.922,2026-11-27
SKU-7828,121,455,2026-11-13
SKU-2267,382,995,2026-02-06
SKU-0763,485,285.889,2026-12-01
SKU-6669,290,139,2026-09-12
SKU-6439,372,660.09,2026-05-18
SKU-9684,95,293.6,2026-09-28
SKU-3449,187,161,2026-10-10
SKU-3674,232,256.876,2026-12-06
SKU-7199,160,92.417,2026-03-17
SKU-3631,448,629,2026-11-06
SKU-0954,320,124.52,2026-12-26
SKU-4788,151,450.4,2026-07-07
SKU-7779,178,295.39,2026-04-17
SKU-4838,496,670.946,2026-05-25
SKU-9486,411,293,2026-09-22
SKU-4386,-43,735.18,2026-01-08
SKU-5815,183,598,2026-06-13
SKU-1527,-25,162.91,2026-01-04
SKU-2428,73,426.78,2026-04-25
SKU-6434,6,878.67,2026-02-09
SKU-5283,269,343.8,2026-09-10
SKU-1543,497,418.855,2026-07-07
SKU-9731,112,291.18,2026-11-21
SKU-9319,436,39,2026-09-20
SKU-0228,107,710.548,2026-03-13
SKU-8648,144,937.2,2026-01-17
SKU-9766,273,46.1,2026-04-28
SKU-2503,391,626.0,2026-05-08
SKU-3771,370,995,2026-11-07
SKU-6004,90,320.02,2026-10-25
SKU-9134,40,756.54,2026-10-20
SKU-1915,65,213.98,2026-04-23
SKU-4713,165,640.46,2026-04-17
SKU-0300,298,282.793,2026-03-03
SKU-4750,0,652.56,2026-10-02
SKU-7697,-10,887.855,2026-01-07
SKU-5134,385,345.573,2026-09-15
SKU-6411,104,722.10,2026-09-13
SKU-5193,314,598.52,2026-02-14
SKU-2881,384,706.5,2026-08-05
SKU-4904,126,16.70,2026-01-15
SKU-5377,291,272,2026-04-23
SKU-6857,310,494,2026-11-27
SKU-5617,75,345,2026-02-14
SKU-3552,203,645.04,2026-06-21
SKU-2140,-17,772.7,2026-06-27
SKU-8536,136,39,2026-02-15
SKU-4314,288,609.39,2026-10-16
SKU-3192,194,892,2026-10-13
SKU-1468,180,620.50,2026-04-06
SKU-5660,464,419.8,2026-11-03
SKU-2594,470,716.51,2026-02-24
SKU-2824,252,693,2026-07-21
SKU-3229,259,94.650,2026-07-27
SKU-6239,92,913.02,2026-11-07
SKU-0689,44,237.073,2026-01-19
SKU-3025,286,629.063,2026-04-21
SKU-2539,494,268,2026-11-11
SKU-7808,434,148.795,2026-02-14
SKU-3858,147,194.63,2026-11-12
SKU-7798,87,891.9,2026-06-06
SKU-6688,370,930.8,2026-05-27
SKU-7650,268,452.967,2026-08-03
SKU-4825,392,646,2026-06-22
SKU-7898,181,369.5,2026-11-01
SKU-9387,331,268,2026-03-06
SKU-4113,141,166,2026-02-16
SKU-2389,76,783.560,2026-02-09
SKU-2556,-50,116,2026-04-25
SKU-6258,33,952,2026-03-21
SKU-3127,22,745,2026-08-05
SKU-5323,436,586.4,2026-11-18
SKU-3758,3,538.369,2026-07-23
SKU-1959,-37,740.994,2026-01-28
SKU-6317,279,623.74,2026-12-25
SKU-8971,73,765,2026-05-15
SKU-1618,117,444,2026-02-10
SKU-5753,-6,758,2026-09-05
SKU-7905,391,276.91,2026-12-05
SKU-1224,76,469,2026-05-13
SKU-2905,458,727,2026-12-05
SKU-5086,32,494,2026-08-01
SKU-2951,160,59.90,2026-08-03
SKU-1876,302,766,2026-12-16
SKU-2525,83,151.503,2026-05-14
SKU-0226,22,335.328,2026-01-05
SKU-9481,230,382.199,2026-11-16
SKU-4581,115,169.851,2026-08-25
SKU-0221,165,431.35,2026-09-23
SKU-4697,165,787,2026-08-22
SKU-0110,186,289.83,2026-11-14
SKU-2406,290,939.29,2026-03-10
SKU-1146,44,42.93,2026-05-16
SKU-3416,53,527,2026-04-11
SKU-6815,278,596.3,2026-01-13
SKU-2124,151,856.807,2026-02-03
SKU-2684,41,758.3,2026-01-06
SKU-2903,52,613.066,2026-09-22
SKU-8085,341,68.320,2026-03-27
SKU-7210,123,690.9,2026-01-01
SKU-8129,210,732.52,2026-10-10
SKU-4380,405,393.48,2026-05-15
SKU-4659,273,705,2026-12-22
SKU-4541,45,162,2026-01-12
SKU-1193,436,126,2026-03-17
SKU-2636,427,945.0,2026-05-22
SKU-1114,335,41.46,2026-12-02
SKU-4208,255,164.8,2026-02-16
SKU-8393,108,440.4,2026-06-13
SKU-5393,90,768.5,2026-08-28
SKU-6177,308,726,2026-01-05
SKU-9947,326,578.8,2026-06-27
SKU-3235,352,806,2026-11-19
SKU-5688,377,517.38,2026-05-27
SKU-7269,41,68.1,2026-02-12
SKU-5489,379,653.433,2026-12-01
SKU-9890,36,293,2026-12-07
SKU-0554,14,387.9,2026-09-05
SKU-8927,196,385.05,2026-03-26
SKU-9022,181,858.13,2026-07-27
SKU-8443,366,93,2026-01-01
SKU-7378,203,365.47,2026-07-25
SKU-8244,50,518.718,2026-10-25
SKU-1786,299,347.765,2026-05-01
SKU-4497,244,627.178,2026-04-01
SKU-2211,337,399.4,2026-04-27
SKU-9453,359,756,2026-08-22
SKU-7238,322,390,2026-11-02
SKU-5726,271,767.298,2026-05-12
SKU-6166,363,388.45,2026-09-25
SKU-7742,-27,366,2026-06-18
SKU-8765,30,726.999,2026-11-05
SKU-4958,92,512.316,2026-05-17
SKU-7309,487,802.8,2026-10-04
SKU-0520,203,679.0,2026-04-27
SKU-0851,347,631.70,2026-11-09
SKU-3472,36,549.60,2026-02-08
SKU-4463,77,698.377,2026-09-17
SKU-6746,243,857.837,2026-10-11
SKU-1709,464,967.38,2026-04-10
SKU-8665,195,403.3,2026-10-14
SKU-4152,153,462.006,2026-02-20
SKU-2163,391,730.97,2026-08-23
SKU-4164,60,718,2026-09-05
SKU-1756,375,577.119,2026-11-04
SKU-5029,348,152.7,2026-03-11
SKU-9825,329,532.195,2026-07-13
SKU-0051,218,783.78,2026-09-23
SKU-7404,224,96.1,2026-06-26
SKU-4507,333,810,2026-06-24
SKU-0183,5,984,2026-12-05
SKU-6015,368,641.69,2026-02-16
SKU-7003,80,661.48,2026-02-18
SKU-2595,129,633.175,2026-03-18
SKU-9731,407,421,2026-02-21
SKU-9460,205,923.7,2026-12-13
SKU-1693,74,231.1,2026-05-24
SKU-8538,147,460.80,2026-12-22
SKU-6612,229,311,2026-05-12
SKU-1567,139,647.66,2026-04-25
SKU-7603,279,413.562,2026-02-05
SKU-2461,429,975,2026-10-07
SKU-6993,300,621.5,2026-06-19
SKU-4134,313,188.3,2026-12-09
SKU-1820,32,256,2026-02-24
SKU-3688,291,246.5,2026-11-09
SKU-5984,464,710.096,2026-10-17
SKU-4460,480,796,2026-02-12
SKU-7405,-7,186.75,2026-05-20
SKU-6889,-18,951.71,2026-04-10
SKU-8657,92,552.697,2026-05-17
SKU-4237,143,938,2026-12-17
SKU-4906,402,182.6,2026-05-05
SKU-7420,469,100.0,2026-09-17
SKU-6915,490,709.9,2026-12-06
SKU-5681,2,71.1,2026-12-07
SKU-7522,242,102.40,2026-02-09
SKU-9613,72,108,2026-03-24
SKU-8558,470,630.5,2026-12-22
SKU-4969,443,827.796,2026-03-11
SKU-1891,27,24,2026-03-23
SKU-4373,52,977.99,2026-12-22
SKU-3786,114,322,2026-05-26
SKU-4140,222,523.66,2026-10-12
SKU-2020,182,111.55,2026-06-14
SKU-9219,445,761.9,2026-09-18
SKU-7206,291,250.748,2026-03-12
SKU-7849,158,681.70,2026-02-08
SKU-2008,308,894.761,2026-04-06
SKU-4186,265,542.81,2026-07-20
SKU-0635,159,50,2026-06-06
SKU-2654,307,71,2026-11-03
SKU-1075,180,35.492,2026-08-02
SKU-1237,126,612.73,2026-12-15
SKU-5343,67,464.300,2026-02-12
SKU-0399,353,764.598,2026-05-04
SKU-9102,75,144,2026-04-23
SKU-4232,176,959,2026-07-04
SKU-1161,32,355.2,2026-08-13
SKU-8174,452,673.201,2026-08-05
SKU-6366,353,671.11,2026-02-25
SKU-0680,232,827.19,2026-11-10
SKU-3317,413,449.603,2026-09-27
SKU-2056,92,262,2026-12-23
SKU-8796,24,195,2026-01-16
SKU-0786,402,449.8,2026-02-26
SKU-8296,316,91.46,2026-11-16
SKU-5814,30,548.6,2026-08-08
SKU-9691,487,266,2026-11-26
SKU-2154,415,411,2026-02-22
SKU-6023,459,564.22,2026-11-20
SKU-5278,39,972.336,2026-04-13
SKU-9177,-27,992,2026-07-10
SKU-1745,232,551.51,2026-04-05
SKU-3393,146,298.29,2026-01-05
SKU-1517,391,882,2026-10-19
SKU-0609,8,954,2026-08-09
SKU-7678,456,43.62,2026-05-13
SKU-7338,485,428.49,2026-10-11
SKU-4686,136,666.2,2026-01-13
SKU-4867,25,38.4,2026-02-12
SKU-9640,326,860.103,2026-05-26
SKU-3271,166,523.8,2026-05-23
SKU-6823,310,235.73,2026-05-03
SKU-5868,-54,614.667,2026-11-17
SKU-5643,157,650,2026-07-11
SKU-8733,86,726,2026-04-15
SKU-1647,483,307.925,2026-06-07
SKU-6406,412,543,2026-07-06
SKU-9544,426,680.4,2026-11-23
SKU-8469,274,449,2026-02-24
SKU-3973,302,547.731,2026-01-16
SKU-2924,266,384,2026-09-09
SKU-3333,198,124,2026-03-05
SKU-6873,194,547,2026-08-25
SKU-0208,159,353.441,2026-08-13
SKU-4148,241,38,2026-05-26
SKU-4085,461,894.266,2026-09-13
SKU-1244,397,370.3,2026-07-24
SKU-8798,440,389,2026-03-13
SKU-2663,487,379.896,2026-08-13
SKU-3549,295,383.7,2026-01-15
SKU-4380,115,754.0,2026-10-25
SKU-9361,333,357.5,2026-01-16
SKU-6183,344,803,2026-09-27
SKU-2268,213,832.103,2026-12-21
SKU-3460,290,167,2026-07-05
SKU-1874,287,783.0,2026-05-27
SKU-4299,237,336.88,2026-10-19
SKU-2447,301,980.2,2026-03-26
SKU-1812,256,422.70,2026-11-04
SKU-2771,50,83.3,2026-08-22
SKU-7592,247,642.70,2026-02-02
SKU-2938,397,210,2026-01-22
SKU-7853,403,736.2,2026-08-19
SKU-2103,41,115.838,2026-07-11
SKU-3122,96,518,2026-05-11
SKU-5567,203,410,2026-02-19
SKU-9082,73,948.6,2026-11-08
SKU-3523,436,752.89,2026-04-12
SKU-6307,390,388.288,2026-07-02
SKU-4584,389,849.0,2026-07-13
SKU-7046,441,946.17,2026-04-27
SKU-0023,459,569.0,2026-02-18
SKU-4600,400,153,2026-07-12
SKU-9026,385,294.39,2026-08-23
SKU-3430,376,190.740,2026-07-22
SKU-2264,312,79,2026-08-14
SKU-3569,180,709,2026-08-21
SKU-7351,112,728.0,2026-06-03
SKU-4677,-38,892.03,2026-05-02
SKU-2863,136,708.65,2026-02-16
SKU-5535,119,908.69,2026-07-05
SKU-7308,25,495.91,2026-07-28
SKU-5612,260,976.8,2026-10-25
SKU-3948,494,949.585,2026-09-18
SKU-4611,447,990,2026-06-15
SKU-2066,113,524.1,2026-01-08
SKU-9789,151,634.38,2026-05-20
SKU-6518,478,138.9,2026-04-15
SKU-0155,202,282.955,2026-06-26
SKU-2569,461,190.8,2026-12-14
SKU-4295,278,827.894,2026-01-27
SKU-9568,313,82.46,2026-09-18
SKU-2447,225,546.34,2026-03-22
SKU-8562,98,673.49,2026-03-12
SKU-0716,260,535.194,2026-02-12
SKU-7837,366,599.11,2026-05-08
SKU-8996,246,829.221,2026-08-09
SKU-3831,450,278.30,2026-05-13
SKU-2546,466,702.540,2026-12-05
SKU-4896,130,608.2,2026-01-18
SKU-7067,154,766.0,2026-04-21
SKU-7078,224,722.890,2026-10-05
SKU-7332,217,10.0,2026-02-06
SKU-2311,319,535.8,2026-02-23
SKU-6353,248,308.9,2026-02-27
SKU-3496,145,33.869,2026-04-08
SKU-1496,173,417,2026-11-11
SKU-2342,63,972.4,2026-11-09
SKU-3209,205,852,2026-06-22
SKU-5117,287,291,2026-06-14
SKU-3707,10,951.30,2026-01-25
SKU-2907,153,133.42,2026-11-28
SKU-1925,57,104.30,2026-01-18
SKU-0653,390,881.9,2026-10-05
SKU-7580,12,7.1,2026-02-01
SKU-4925,424,630.48,2026-12-20
SKU-1967,417,824.9,2026-09-08
SKU-1705,408,605.0,2026-08-13
SKU-4034,90,64.267,2026-11-23
SKU-1755,402,802.253,2026-05-09
SKU-7976,199,268.115,2026-05-10
SKU-3609,177,266.50,2026-11-10
SKU-0816,262,605,2026-01-17
SKU-1678,232,100,2026-06-15
SKU-1023,378,113.31,2026-03-15
SKU-4006,199,301.10,2026-06-21
SKU-2713,333,612,2026-05-15
SKU-4738,437,246,2026-12-05
SKU-1327,326,726.5,2026-07-14
SKU-2659,213,847,2026-04-01
SKU-1849,147,942.431,2026-12-04
SKU-8842,359,15,2026-07-24
SKU-3978,44,552.25,2026-12-14
SKU-5882,359,130.63,2026-06-05
SKU-3307,244,924.853,2026-04-14
SKU-5727,415,906,2026-01-08
SKU-5749,186,570.612,2026-08-10
SKU-3268,264,51.99,2026-08-22
SKU-4568,135,739.63,2026-03-26
SKU-7625,41,770.4,2026-02-09
SKU-4654,268,463.529,2026-01-15
SKU-6342,45,850.5,2026-07-04
SKU-3019,187,882.3,2026-09-12
SKU-0207,115,951.93,2026-04-07
SKU-2742,52,619.03,2026-11-27
SKU-0989,313,53.034,2026-03-21
SKU-5106,340,928,2026-02-23
SKU-8554,309,778.4,2026-08-25
SKU-4014,95,962,2026-06-11
SKU-8740,454,94.2,2026-09-01
SKU-3317,100,125.084,2026-04-27
SKU-5908,63,281.01,2026-05-20
SKU-6246,187,753.4,2026-11-03
SKU-9850,490,608,2026-04-01
SKU-6095,43,52.449,2026-06-13
SKU-8903,280,282,2026-06-22
SKU-5125,104,818.1,2026-10-14
SKU-1051,197,238.455,2026-02-21
SKU-4989,398,745.480,2026-07-26
SKU-8925,242,589,2026-09-01
SKU-2164,412,860.256,2026-08-15
SKU-0790,166,806,2026-07-04
SKU-1661,412,96,2026-11-01
SKU-0138,446,155.512,2026-09-26
SKU-6624,193,536.6,2026-05-28
SKU-9844,197,884.834,2026-05-20
SKU-9616,450,489.10,2026-07-07
SKU-2644,386,859.86,2026-08-26
SKU-9526,491,202.75,2026-01-05
SKU-0686,448,787.7,2026-08-18
SKU-2853,129,123.8,2026-03-16
SKU-2766,451,809.690,2026-07-01
SKU-0271,86,346.307,2026-10-25
SKU-7289,124,614,2026-01-21
SKU-4157,357,133.223,2026-07-24
SKU-7127,333,790.51,2026-04-21
SKU-5939,151,16,2026-08-14
SKU-1384,88,185.9,2026-10-14
SKU-2323,8,615.1,2026-02-26
SKU-8280,128,430.1,2026-10-18
SKU-4602,265,78.640,2026-10-23
SKU-7409,155,55.150,2026-08-18
SKU-6862,52,917.319,2026-05-10
SKU-7361,381,691.6,2026-02-24
SKU-6616,18,38,2026-10-19
SKU-6164,377,510.911,2026-05-05
SKU-1575,151,190.60,2026-02-26
SKU-7226,276,149,2026-08-10
SKU-9900,366,102.5,2026-08-12
SKU-2260,31,348.55,2026-10-19
SKU-5325,67,915.947,2026-01-24
SKU-4644,132,201,2026-10-14
SKU-4981,9,948.71,2026-06-23
SKU-6444,474,516.5,2026-11-07
SKU-7883,98,247.1,2026-05-27
SKU-0403,237,260.98,2026-04-08
SKU-5712,388,228.01,2026-09-12
SKU-3710,385,25.41,2026-04-18
SKU-5592,241,685.9,2026-12-06
SKU-5038,78,205.4,2026-04-02
SKU-0047,369,646.19,2026-10-19
SKU-4795,350,851.188,2026-01-14
SKU-6633,22,273,2026-06-17
SKU-5900,409,180,2026-09-25
SKU-6086,385,130.801,2026-03-19
SKU-7485,131,343.05,2026-08-19
SKU-5888,260,81.6,2026-09-25
SKU-1644,100,817.985,2026-12-25
SKU-4912,410,481.3,2026-07-09
SKU-7390,390,829,2026-10-05
SKU-0106,396,623,2026-06-05
SKU-4412,419,139.8,2026-04-20
SKU-5188,59,212.188,2026-02-03
SKU-0283,-7,528.9,2026-10-19
SKU-4777,-16,364,2026-04-28
SKU-8081,273,50.341,2026-11-12
SKU-4911,286,254.82,2026-04-27
SKU-4647,448,906,2026-05-24
SKU-4506,368,718,2026-12-17
SKU-9994,203,239.4,2026-03-23
SKU-1917,374,37.92,2026-02-21
SKU-5585,65,346.4,2026-09-01
SKU-5803,474,625,2026-11-25
SKU-7860,333,636.88,2026-05-18
SKU-9504,88,288.182,2026-11-20
SKU-1809,330,888.11,2026-06-16
SKU-6726,326,737.5,2026-01-21
SKU-5696,497,917.1,2026-12-16
SKU-0262,366,873,2026-08-25
SKU-5388,383,33.529,2026-09-02
SKU-8918,371,478.12,2026-09-23
SKU-1138,140,47.3,2026-11-09
SKU-7437,43,498.45,2026-09-03
SKU-0328,57,868.7,2026-07-04
SKU-9836,138,383,2026-05-18
SKU-8601,2,618,2026-11-06
SKU-9741,384,856.817,2026-08-09
SKU-5971,388,321.29,2026-07-09
SKU-2550,265,330.92,2026-06-21
SKU-8273,25,360.754,2026-03-20
SKU-7936,307,101.280,2026-07-23
SKU-6280,408,179.7,2026-05-18
SKU-5057,263,941.06,2026-07-09
SKU-1669,278,650.066,2026-01-07
SKU-2251,152,585.597,2026-07-25
SKU-3974,331,882.532,2026-06-23
SKU-1691,144,617.5,2026-02-28
SKU-3588,144,284.7,2026-03-12
SKU-2136,368,416.97,2026-05-04
SKU-7221,273,402,2026-11-05
SKU-9337,155,266,2026-02-02
SKU-3338,261,902.2,2026-07-07
SKU-1947,57,255.32,2026-01-09
SKU-5583,479,737.3,2026-05-09
SKU-6695,190,945.887,2026-10-08
SKU-7696,25,639,2026-01-03
SKU-4517,24,922.745,2026-09-07
SKU-3505,-4,744,2026-05-06
SKU-9651,97,995.462,2026-08-12
SKU-0381,408,77.4,2026-08-01
SKU-0499,199,489.673,2026-04-26
SKU-2803,73,288.72,2026-01-12
SKU-2626,178,98.9,2026-05-06
SKU-5126,487,509.484,2026-12-16
SKU-3705,419,840.2,2026-10-09
SKU-9602,-54,888,2026-01-02
SKU-0492,246,483.216,2026-02-18
SKU-7649,273,604.4,2026-08-18
SKU-7379,207,254.9,2026-09-14
SKU-0095,129,324.76,2026-06-14
SKU-6134,-58,810,2026-02-13
SKU-8314,135,464,2026-10-27
SKU-2860,48,679.63,2026-10-08
SKU-0947,464,281.553,2026-01-10
SKU-8182,291,291.98,2026-09-15
SKU-3056,364,182.51,2026-02-16
SKU-9571,-43,766.816,2026-12-28
SKU-8243,113,993.4,2026-02-15
SKU-5202,462,708.192,2026-05-08
SKU-5070,252,923.7,2026-04-15
SKU-5505,343,445.2,2026-07-15
SKU-0202,103,875.933,2026-08-14
SKU-0720,43,855,2026-07-05
SKU-9641,68,640.4,2026-06-09
SKU-5904,77,857.743,2026-08-07
SKU-3782,367,944.117,2026-07-12
SKU-2534,185,657,2026-10-11
SKU-1936,168,692.715,2026-01-17
SKU-5396,300,594,2026-07-09
SKU-3790,285,991.6,2026-12-08
SKU-2278,27,66.09,2026-10-22
SKU-1813,407,363,2026-11-19
SKU-7546,135,123.51,2026-02-11
SKU-9675,399,815,2026-08-26
SKU-6323,165,805.592,2026-08-17
SKU-6644,4,930,2026-06-14
SKU-5640,382,362.17,2026-09-13
SKU-0565,64,287.70,2026-02-22
SKU-7132,265,794,2026-06-20
SKU-9071,381,303.204,2026-01-15
SKU-2932,161,903,2026-10-11
SKU-5915,159,142.788,2026-10-11
SKU-3614,197,643.88,2026-09-03
SKU-8767,437,717.695,2026-07-10
SKU-6809,340,48.559,2026-05-06
SKU-3092,29,328,2026-06-08
SKU-4632,16,626,2026-01-05
SKU-5852,61,884.49,2026-05-19
SKU-1251,231,720.97,2026-02-27
SKU-9459,486,644.39,2026-06-28
SKU-7114,411,670.324,2026-11-24
SKU-7287,270,69.9,2026-04-16
SKU-0731,155,402.22,2026-02-26
SKU-8374,82,484.237,2026-10-04
SKU-7818,190,738,2026-03-03
SKU-4058,368,955.0,2026-08-28
SKU-2437,106,846.9,2026-03-07
SKU-2425,145,574.8,2026-01-06
SKU-1554,345,782,2026-11-03
SKU-5149,91,177.9,2026-12-10
SKU-6036,91,141.6,2026-05-22
SKU-1776,91,163.7,2026-05-28
SKU-8349,142,527.23,2026-01-22
SKU-0197,448,865.923,2026-09-13
SKU-9797,61,263.094,2026-01-27
SKU-2169,275,850.03,2026-07-06
SKU-8940,323,284.678,2026-04-01
SKU-5634,91,630.79,2026-03-11
SKU-6372,406,265,2026-01-23
SKU-4918,290,226.932,2026-01-28
SKU-6665,159,913.39,2026-01-20
SKU-7406,11,709.582,2026-02-25
SKU-9846,106,501.3,2026-05-15
SKU-0463,423,377.7,2026-02-05
SKU-1872,424,561.378,2026-11-09
SKU-9334,183,510.055,2026-08-25
SKU-5468,235,851.0,2026-06-14
SKU-9757,267,883.314,2026-02-05
SKU-7274,313,50,2026-09-10
SKU-8705,314,715.6,2026-06-22
SKU-5736,53,531.03,2026-06-02
SKU-1896,321,390.597,2026-10-10
SKU-9566,139,724.21,2026-01-28
SKU-6123,80,794.9,2026-01-23
SKU-1500,17,344.293,2026-09-18
SKU-4740,431,901,2026-10-21
SKU-1963,363,92.96,2026-01-07
SKU-9764,113,170.55,2026-05-16
SKU-0866,150,340.7,2026-09-27
SKU-6174,422,163.6,2026-01-12
SKU-8032,278,341.257,2026-06-13
SKU-4851,197,320.028,2026-08-09
SKU-2997,107,798.9,2026-02-11
SKU-1922,48,19,2026-10-20
SKU-2436,475,431.308,2026-12-06
SKU-5682,-43,575.05,2026-08-28
SKU-8878,456,505.11,2026-05-24
SKU-4095,454,730.933,2026-08-09
SKU-4559,109,829.707,2026-01-05
SKU-5390,252,598,2026-10-28
SKU-6723,74,170.504,2026-02-24
SKU-6639,240,672,2026-03-03
SKU-4330,3,741.5,2026-07-20
SKU-5312,266,922.67,2026-07-05
SKU-2250,101,992.5,2026-06-15
SKU-6197,375,914,2026-07-24
SKU-1930,174,876,2026-09-08
SKU-2908,-49,556.7,2026-03-14
SKU-5127,95,576,2026-06-16
SKU-1866,-30,265,2026-05-08
SKU-1774,395,878.65,2026-03-13
SKU-8956,157,803.02,2026-03-22
SKU-5332,347,692.3,2026-12-18
SKU-0476,75,267.90,2026-11-21
SKU-2859,450,889.242,2026-09-27
SKU-9821,-3,487.70,2026-07-05
SKU-5182,206,860.811,2026-07-28
SKU-1551,169,7.4,2026-08-10
SKU-2866,496,503.95,2026-03-17
SKU-8288,130,357.86,2026-04-22
SKU-0830,56,456.964,2026-07-12
SKU-2363,69,325,2026-03-22
SKU-6061,237,706,2026-12-09
SKU-1070,444,1.80,2026-02-13
SKU-6329,128,733,2026-07-21
SKU-0916,390,830,2026-09-15
SKU-9621,472,460.417,2026-12-24
SKU-2559,412,649.99,2026-10-08
SKU-5129,40,331,2026-11-25
SKU-5450,6,496.844,2026-01-06
SKU-3070,356,569,2026-02-06
SKU-6803,317,888.5,2026-10-03
SKU-8620,455,534.64,2026-04-18
SKU-6647,154,944.918,2026-12-22
SKU-8584,-32,332.5,2026-06-19
SKU-0524,485,653,2026-11-19
SKU-3070,-21,789.978,2026-09-11
SKU-0407,366,324.4,2026-08-12
SKU-8321,247,713.04,2026-06-23
SKU-3405,472,51.7,2026-02-25
SKU-1494,256,671.6,2026-03-26
SKU-8304,116,864,2026-08-12
SKU-0445,256,117,2026-02-25
SKU-9766,64,326,2026-09-28
SKU-4778,393,292.842,2026-11-10
SKU-5666,365,921,2026-04-10
SKU-6923,187,272.917,2026-01-13
SKU-4300,285,772.538,2026-03-27
SKU-6184,88,435.972,2026-08-15
SKU-7364,-22,362.37,2026-01-03
SKU-9040,276,835.901,2026-01-01
SKU-7507,331,7.48,2026-06-07
SKU-3408,436,521.9,2026-10-14
SKU-3212,218,441.8,2026-10-21
SKU-6701,400,623.0,2026-07-15
SKU-0741,244,557.7,2026-12-19
SKU-6303,477,436.182,2026-12-01
SKU-4365,295,433.302,2026-09-23
SKU-4146,31,988.387,2026-12-06
SKU-5653,242,350.9,2026-10-27
SKU-6900,165,34.97,2026-07-15
SKU-6314,93,47.59,2026-07-20
SKU-6467,364,426.588,2026-09-28
SKU-6300,395,164.8,2026-09-05
SKU-3885,5,636,2026-07-06
SKU-3810,333,894,2026-07-14
SKU-7709,246,835.28,2026-05-26
SKU-7686,4,842.13,2026-12-24
SKU-0296,173,776.86,2026-08-01
SKU-0838,283,279.226,2026-09-27
SKU-9425,44,390,2026-03-06
SKU-0299,369,429.3,2026-07-18
SKU-8252,287,644.236,2026-06-23
SKU-9742,60,656.97,2026-02-10
SKU-9957,458,785,2026-12-04
SKU-2408,284,105,2026-06-12
SKU-0433,317,409.14,2026-09-20
SKU-9729,94,849,2026-04-26
SKU-7820,235,423.13,2026-03-08
SKU-4975,223,82.8,2026-05-10
SKU-1330,449,130,2026-09-27
SKU-5945,451,798.857,2026-02-19
SKU-9141,244,697.6,2026-01-03
SKU-3570,226,171.31,2026-10-20
SKU-3356,359,159.7,2026-04-02
SKU-7401,1,631.574,2026-09-16
SKU-4400,208,927.381,2026-02-12
SKU-8263,47,680.85,2026-10-20
SKU-9092,415,647.974,2026-09-05
SKU-8468,145,61.735,2026-02-16
SKU-3128,361,910.6,2026-12-23
SKU-7148,405,137.48,2026-11-27
SKU-2621,146,187.71,2026-10-07
SKU-5025,-58,465.79,2026-10-09
SKU-0164,110,477.469,2026-07-06
SKU-9622,230,968.39,2026-04-19
SKU-5782,267,808.2,2026-06-24
SKU-7397,307,536.3,2026-12-09
SKU-8303,235,424.757,2026-06-20
SKU-3839,209,937.85,2026-06-11
SKU-2173,59,874,2026-09-23
SKU-1808,342,446,2026-09-01
SKU-3484,435,445,2026-05-01
SKU-4335,7,548.69,2026-05-16
SKU-5502,182,779.55,2026-08-14
SKU-9124,109,107,2026-05-27
SKU-4111,468,631.898,2026-04-26
SKU-2698,443,798.575,2026-05-18
SKU-5434,303,54.152,2026-12-19
SKU-2515,37,806,2026-02-11
SKU-2975,313,556.3,2026-10-21
SKU-6740,191,974,2026-09-13
SKU-9464,96,342.1,2026-07-25
SKU-6337,444,847.29,2026-11-16
SKU-0530,350,857.1,2026-05-25
SKU-0474,376,100.092,2026-01-27
SKU-5136,86,764,2026-01-22
SKU-6315,51,321,2026-05-15
SKU-4033,357,948.757,2026-06-21
SKU-6332,404,307.63,2026-01-18
SKU-4055,284,778.070,2026-12-12
SKU-8819,249,116.23,2026-11-18
SKU-2885,108,734.0,2026-12-13
SKU-3143,231,851.0,2026-11-05
SKU-2631,447,329.30,2026-01-05
SKU-2261,209,821.809,2026-10-10
SKU-7476,185,869.295,2026-05-03
SKU-2191,163,899,2026-03-02
SKU-3004,-13,372,2026-10-13
SKU-0622,168,335.95,2026-02-22
SKU-8360,-11,428.3,2026-10-13
SKU-6137,498,501.154,2026-12-26
SKU-2828,431,907.59,2026-09-03
SKU-8209,30,653.61,2026-10-17
SKU-8706,218,265.752,2026-04-15
SKU-9355,359,838.711,2026-05-08
SKU-0628,208,872,2026-08-13
SKU-3325,496,654.0,2026-04-05
SKU-4887,372,657,2026-01-14
SKU-5501,480,154.60,2026-04-21
SKU-6892,460,454,2026-06-27
SKU-4679,244,947.87,2026-07-23
SKU-3462,127,994.1,2026-11-05
SKU-7694,189,806.256,2026-04-07
SKU-6397,301,849.27,2026-07-28
SKU-4332,220,302.6,2026-09-26
SKU-9565,500,79.632,2026-02-10
SKU-0419,248,841.6,2026-06-17
SKU-2031,401,727.11,2026-12-01
SKU-7482,331,663.9,2026-01-28
SKU-6621,244,661.47,2026-11-08
SKU-1438,230,68.6,2026-04-22
SKU-6029,453,894.4,2026-05-26
SKU-4770,174,378.8,2026-05-10
SKU-4530,124,801,2026-07-16
SKU-0436,116,347.156,2026-09-08
SKU-9407,196,371.1,2026-02-11
SKU-9484,442,772,2026-07-28
SKU-6671,-36,145,2026-01-22
SKU-3891,473,48.535,2026-03-03
SKU-5279,302,425,2026-05-21
SKU-5784,219,625.44,2026-05-07
SKU-0237,240,360.96,2026-12-08
SKU-2221,421,872,2026-02-16
SKU-5282,483,320.229,2026-12-03
SKU-6417,324,824,2026-08-10
SKU-8852,485,702.786,2026-02-14
SKU-2289,387,459.7,2026-02-19
SKU-7151,-30,448,2026-01-05
SKU-2020,265,991.493,2026-04-11
SKU-6320,275,935.65,2026-04-15
SKU-6007,203,587.0,2026-04-20
SKU-0027,453,695.4,2026-07-19
SKU-5947,262,749.2,2026-12-17
SKU-4217,46,424.6,2026-08-21
SKU-2792,379,62.82,2026-06-25
SKU-8455,477,370,2026-09-05
SKU-7833,382,312,2026-07-08
SKU-0066,210,395.80,2026-02-22
SKU-2201,112,114.4,2026-10-13
SKU-2600,282,22,2026-06-19
SKU-7118,298,410.176,2026-02-04
SKU-6145,257,298,2026-10-23
SKU-2241,394,645.63,2026-08-24
SKU-4183,163,610.3,2026-06-01
SKU-2015,105,822,2026-03-01
SKU-8641,213,351.77,2026-11-15
SKU-6211,90,337.853,2026-01-16
SKU-2226,385,676,2026-08-15
SKU-0349,359,687.79,2026-04-19
SKU-6261,142,48.4,2026-01-25
SKU-0553,-46,691.644,2026-08-12
SKU-9262,364,60.65,2026-04-26
SKU-4313,-15,9.945,2026-06-05
SKU-3442,424,422.981,2026-11-10
SKU-1055,495,197.48,2026-04-22
SKU-1483,253,739.228,2026-07-07
SKU-9525,-5,960.58,2026-01-19
SKU-5021,209,383.060,2026-06-05
SKU-0725,110,59.6,2026-06-19
SKU-4794,131,612.204,2026-10-24
SKU-9359,37,252.71,2026-08-03
SKU-1363,308,107.9,2026-08-19
SKU-8858,232,133.046,2026-05-25
SKU-0450,471,906.218,2026-12-09
SKU-9753,22,158.952,2026-09-22
SKU-6816,245,949.97,2026-12-20
SKU-5189,436,951.75,2026-10-21
SKU-6953,103,837,2026-03-06
SKU-0024,169,370.1,2026-05-13
SKU-2282,374,907.322,2026-11-04
SKU-2005,201,884.615,2026-01-19
SKU-6293,-19,395.8,2026-03-27
SKU-7095,-10,924,2026-02-27
SKU-9800,435,532,2026-09-19
SKU-4822,306,538.8,2026-07-08
SKU-1464,317,687.675,2026-08-24
SKU-2138,214,738.544,2026-10-09
SKU-5012,18,347.60,2026-01-16
SKU-9915,83,349.4,2026-12-10
SKU-0234,423,693,2026-12-16
SKU-1274,469,485.1,2026-06-20
SKU-5647,19,594.784,2026-05-27
SKU-7624,202,768.08,2026-04-07
SKU-6111,245,395.2,2026-09-11
SKU-4447,128,949.51,2026-06-18
SKU-9952,352,355.4,2026-10-09
SKU-9160,442,8.750,2026-05-20
SKU-2313,14,749.86,2026-10-25
SKU-6673,8,714.87,2026-07-11
SKU-4691,412,170.1,2026-04-11
SKU-2395,61,704.4,2026-02-09
SKU-6530,305,483.97,2026-05-24
SKU-6637,291,248.22,2026-04-26
SKU-2141,284,775.0,2026-09-01
SKU-6959,400,166.0,2026-11-15
SKU-3788,342,948.89,2026-07-09
SKU-5731,265,234.0,2026-10-28
SKU-6596,21,797,2026-01-19
SKU-6110,400,643.693,2026-02-20
SKU-1137,456,751.739,2026-01-03
SKU-4674,376,548,2026-04-14
SKU-7848,463,598.446,2026-04-22
SKU-5007,62,62,2026-04-09
SKU-1346,169,737,2026-07-19
SKU-8948,-16,715,2026-08-24
SKU-9296,345,333,2026-12-15
SKU-8052,143,63,2026-03-01
SKU-4660,270,285,2026-04-13
SKU-0722,448,460,2026-04-01
SKU-9140,107,982,2026-08-03
SKU-5081,278,405,2026-03-11
SKU-4651,371,762.2,2026-09-05
SKU-5418,422,736.550,2026-02-08
SKU-4886,10,850,2026-09-15
SKU-5172,1,703.69,2026-05-11
SKU-3753,181,813.42,2026-11-03
SKU-1048,204,630.14,2026-09-19
SKU-5917,171,208,2026-01-13
SKU-6675,304,653,2026-04-27
SKU-3072,29,639.265,2026-10-11
SKU-2476,295,943.5,2026-04-28
SKU-5145,129,15.1,2026-08-20
SKU-3277,65,979.0,2026-08-22
SKU-9208,38,1.6,2026-02-23
SKU-2487,497,257.485,2026-12-06
SKU-6614,255,488.7,2026-02-03
SKU-2971,262,338,2026-08-01
SKU-0056,460,63.441,2026-07-25
SKU-0013,248,206,2026-03-26
SKU-0319,163,783,2026-02-24
SKU-2738,153,523.2,2026-07-13
SKU-4963,-9,312.973,2026-02-23
SKU-0645,71,499.70,2026-07-21
SKU-8519,458,243.9,2026-09-07
SKU-2597,331,383,2026-11-20
SKU-9710,393,25.9,2026-12-23
SKU-5191,168,567.8,2026-01-05
SKU-5224,300,253,2026-04-06
SKU-2016,484,229.823,2026-12-03
SKU-3800,404,225.95,2026-07-08
SKU-0544,121,664.4,2026-07-10
SKU-3439,463,85.20,2026-04-13
SKU-5297,-19,726.8,2026-04-13
SKU-1355,181,48.5,2026-09-16
SKU-2208,-57,962.628,2026-07-27
SKU-1299,136,553.45,2026-12-10
SKU-8979,472,822.494,2026-04-19
SKU-4046,452,778.635,2026-02-24
SKU-7934,488,762.058,2026-08-04
SKU-7355,10,652.873,2026-08-25
SKU-5207,175,98,2026-01-20
SKU-4163,455,674,2026-01-15
SKU-3797,128,877.78,2026-05-11
SKU-5823,354,329.0,2026-03-06
SKU-2642,220,996.2,2026-04-14
SKU-9917,350,898.446,2026-12-08
SKU-7846,346,292.28,2026-04-26
SKU-4090,231,936.027,2026-05-04
SKU-3968,31,551.924,2026-03-17
SKU-3493,8,85.43,2026-06-14
SKU-8551,363,557.97,2026-03-11
SKU-5742,383,112.577,2026-07-22
SKU-3540,276,775.61,2026-03-02
SKU-0646,426,602.042,2026-08-12
SKU-1467,368,162.405,2026-06-25
SKU-0515,27,474,2026-07-02
SKU-3510,178,858.6,2026-12-02
SKU-6585,460,90.2,2026-05-14
SKU-0764,138,47.965,2026-12-19
SKU-7109,180,322.342,2026-04-01
SKU-7768,297,715.432,2026-11-11
SKU-8854,161,530.179,2026-09-08
SKU-2937,272,14.89,2026-07-24
SKU-3741,297,995.892,2026-07-06
SKU-6868,482,144.697,2026-11-17
SKU-9706,63,574.477,2026-10-14
SKU-9413,479,195,2026-03-09
SKU-5724,332,172.9,2026-03-21
SKU-2516,128,722.7,2026-08-18
SKU-2656,433,682.9,2026-08-21
SKU-7789,422,397.87,2026-04-18
SKU-1884,405,534.19,2026-04-07
SKU-4079,217,248.2,2026-02-24
SKU-1416,213,273,2026-05-15
SKU-9954,454,463.888,2026-12-27
SKU-3666,346,494.76,2026-09-04
SKU-8926,245,203,2026-10-15
SKU-7388,196,262.39,2026-07-12
SKU-7336,489,509.4,2026-03-10
SKU-1369,384,204.55,2026-02-10
SKU-0481,403,483.2,2026-09-03
SKU-8304,462,341.829,2026-04-13
SKU-6991,354,748,2026-11-23
SKU-2552,455,712.49,2026-08-22
SKU-6743,276,377.0,2026-09-10
SKU-9248,357,858.7,2026-04-25
SKU-7013,251,803.3,2026-05-25
SKU-2104,286,423.5,2026-03-17
SKU-2281,-24,404.85,2026-05-01
SKU-8756,319,557,2026-06-10
SKU-6149,453,563.7,2026-08-06
SKU-4462,-54,969,2026-08-26
SKU-2620,9,4,2026-02-04
SKU-5329,179,844.746,2026-08-09
SKU-5224,415,495,2026-05-20
SKU-5194,343,169.433,2026-10-10
SKU-5098,-46,358.4,2026-01-05
SKU-0009,493,658.074,2026-03-13
SKU-1177,329,90.1,2026-02-14
SKU-5235,260,414,2026-09-12
SKU-3823,56,957.70,2026-08-22
SKU-6501,371,7.2,2026-01-06
SKU-4878,377,171,2026-06-27
SKU-5725,5,484.1,2026-07-01
SKU-4254,368,640,2026-12-01
SKU-3685,34,265.836,2026-05-19
SKU-4895,68,885,2026-02-24
SKU-4945,281,764.68,2026-07-15
SKU-2494,63,152.2,2026-04-13
SKU-7906,258,341.9,2026-09-21
SKU-9175,304,540.71,2026-02-21
SKU-3331,68,204.865,2026-06-28
SKU-4781,333,67.750,2026-12-13
SKU-8652,364,29.410,2026-01-21
SKU-0348,483,797,2026-06-16
SKU-7691,449,939.47,2026-03-16
SKU-9561,245,811.3,2026-10-17
SKU-2116,127,292.3,2026-10-06
SKU-0067,283,302.6,2026-09-04
SKU-4012,275,490.674,2026-08-17
SKU-2505,-13,27.07,2026-07-19
SKU-2372,467,406.375,2026-10-25
SKU-9580,349,402.81,2026-05-16
SKU-5631,318,730.454,2026-09-12
SKU-7007,404,95.7,2026-07-10
SKU-7185,283,425.804,2026-10-28
SKU-8057,359,589.06,2026-09-26
SKU-4452,442,477.529,2026-08-28
SKU-9341,261,216.0,2026-08-14
SKU-2051,74,749,2026-03-17
SKU-7048,274,468.2,2026-02-04
SKU-1353,427,858.683,2026-07-07
SKU-8160,393,457.91,2026-03-05
SKU-1723,471,198.674,2026-06-06
SKU-0233,-34,675,2026-11-08
SKU-8241,107,671.972,2026-08-06
SKU-8247,161,415.514,2026-09-17
SKU-9956,330,661,2026-02-17
SKU-1326,211,213,2026-08-04
SKU-9767,175,790.131,2026-07-28
SKU-4340,-36,808.425,2026-07-11
SKU-5921,279,87.9,2026-11-15
SKU-3809,405,269.61,2026-04-26
SKU-2833,102,307,2026-03-18
SKU-0774,229,176.15,2026-08-14
SKU-4177,145,203,2026-01-02
SKU-4396,437,367.57,2026-05-16
SKU-3927,297,589.20,2026-03-25
SKU-9787,455,851.85,2026-05-13
SKU-6508,253,45.291,2026-11-28
SKU-8821,365,285.67,2026-11-13
SKU-0832,-42,686.049,2026-07-11
SKU-5571,341,786.5,2026-12-01
SKU-2119,332,580.9,2026-12-06
SKU-1460,271,249.9,2026-11-21
SKU-1361,327,682.01,2026-02-13
SKU-7523,78,15.77,2026-10-09
SKU-3054,96,35,2026-06-13
SKU-9449,449,833.8,2026-08-12
SKU-7465,364,242.71,2026-03-13
SKU-8391,441,430.566,2026-01-14
SKU-4756,71,844.340,2026-02-11
SKU-1120,487,542,2026-12-11
SKU-4319,389,78.7,2026-03-04
SKU-1801,31,731.2,2026-08-28
SKU-5016,18,681.5,2026-04-17
SKU-8114,88,968.53,2026-01-25
SKU-6592,30,376,2026-05-24
SKU-7304,205,225.32,2026-08-28
SKU-2422,356,449.83,2026-11-28
SKU-1119,287,429.98,2026-12-06
SKU-7016,71,994.5,2026-09-21
SKU-7620,193,366.22,2026-11-22
SKU-2557,249,357.843,2026-04-07
SKU-4372,19,349.4,2026-08-04
SKU-6407,-59,614.97,2026-12-03
SKU-0998,16,514.42,2026-08-25
SKU-8829,-5,503.51,2026-08-04
SKU-8348,267,448.53,2026-01-12
SKU-0800,88,562.905,2026-02-08
SKU-2193,263,623.1,2026-09-17
SKU-5525,456,492.9,2026-06-28
SKU-8924,487,703,2026-07-06
SKU-6519,-26,945.007,2026-09-01
SKU-5663,358,238.68,2026-03-17
SKU-3667,59,396.8,2026-04-20
SKU-7971,10,991.681,2026-06-16
SKU-6326,155,396.975,2026-10-07
SKU-3918,38,267,2026-12-16
SKU-4052,160,471.136,2026-09-17
SKU-3876,312,950.84,2026-10-24
SKU-5655,412,129.61,2026-07-08
SKU-5257,82,914.1,2026-02-08
SKU-8969,376,431,2026-07-09
SKU-5414,314,773.8,2026-02-13
SKU-4175,281,363,2026-08-21
SKU-1065,413,987,2026-02-25
SKU-2530,285,252.7,2026-09-24
SKU-0818,452,255,2026-09-25
SKU-8575,329,210.25,2026-02-23
SKU-9606,366,615.011,2026-09-13
SKU-3415,404,34.0,2026-11-06
SKU-6890,142,164.293,2026-03-28
SKU-1795,91,980,2026-09-03
SKU-8745,5,774.5,2026-12-13
SKU-4731,1,487.52,2026-12-20
SKU-3322,241,761.738,2026-02-07
SKU-9366,210,574.51,2026-06-21
SKU-6574,352,585.7,2026-11-02
SKU-6469,253,306.209,2026-01-03
SKU-2184,307,940.485,2026-10-24
SKU-7153,39,949.7,2026-10-20
SKU-2694,83,861.221,2026-07-20
SKU-7854,355,619.207,2026-10-07
SKU-0376,261,765.9,2026-02-18
SKU-2446,169,624.39,2026-02-21
SKU-8417,397,98.9,2026-02-27
SKU-4363,56,943.66,2026-04-16
SKU-5528,189,476.7,2026-11-19
SKU-0184,288,473.10,2026-06-20
SKU-6344,322,465.93,2026-03-26
SKU-9263,354,819.57,2026-08-25
SKU-2277,31,926.1,2026-07-27
SKU-9893,35,989.69,2026-09-05
SKU-7026,172,936.7,2026-11-14
SKU-9372,421,900.415,2026-01-26
SKU-1458,195,535,2026-06-26
SKU-6113,184,40.90,2026-06-19
SKU-7029,315,435,2026-05-22
SKU-3586,101,260,2026-01-20
SKU-3088,162,759,2026-01-09
SKU-2003,240,532.81,2026-11-17
SKU-1573,-33,800.6,2026-06-26
SKU-8993,278,270,2026-06-13
SKU-3020,231,847.702,2026-04-02
SKU-1074,216,174.5,2026-09-18
SKU-9560,479,878,2026-06-12
SKU-7217,60,361.30,2026-02-22
SKU-8954,175,208,2026-08-25
SKU-5419,360,81.790,2026-04-09
SKU-6457,34,901,2026-09-17
SKU-9735,228,38,2026-07-28
SKU-3572,215,815.267,2026-04-22
SKU-6306,424,186,2026-01-27
SKU-5367,410,711.2,2026-03-19
SKU-7941,436,663.108,2026-07-13
SKU-2589,324,253.018,2026-09-26
SKU-9267,488,118.096,2026-03-13
SKU-9450,101,399.9,2026-05-07
SKU-0580,411,170.708,2026-03-12
SKU-9628,-34,651.323,2026-10-10
SKU-0448,4,237.902,2026-10-11
SKU-2821,-47,732.3,2026-06-11
SKU-6818,66,95.483,2026-02-26
SKU-2252,480,83.98,2026-08-13
SKU-2222,470,730.6,2026-04-15
SKU-8006,446,747,2026-07-01
SKU-0698,411,369.46,2026-08-26
SKU-5544,291,66.0,2026-02-12
SKU-9046,135,536,2026-12-06
SKU-0489,12,753,2026-06-22
SKU-1521,353,676,2026-10-12
SKU-0513,324,361,2026-02-15
SKU-4311,94,48,2026-05-24
SKU-1494,316,839,2026-01-17
SKU-4223,169,171,2026-07-19
SKU-7670,135,596.78,2026-07-24
SKU-7212,317,495,2026-01-22
SKU-5662,304,619,2026-03-19
SKU-9111,152,294.56,2026-08-24
SKU-0188,462,934,2026-04-02
SKU-9959,44,570.40,2026-09-25
SKU-4271,66,64.57,2026-09-14
SKU-1320,494,119,2026-11-28
SKU-8084,305,690.681,2026-12-23
SKU-5632,257,368.9,2026-03-14
SKU-6142,312,9.5,2026-07-18
SKU-8422,212,70.1,2026-11-26
SKU-8081,210,756.162,2026-01-20
SKU-1695,46,464.2,2026-11-14
SKU-1300,249,171,2026-04-03
SKU-4371,173,728.81,2026-07-28
SKU-3838,454,35.19,2026-12-21
SKU-8647,26,755.805,2026-07-28
SKU-5723,483,739.418,2026-02-05
SKU-6464,218,422,2026-04-11
SKU-6663,200,720.091,2026-12-04
SKU-6644,215,217,2026-08-01
SKU-1735,378,487,2026-10-08
SKU-3156,44,575.540,2026-01-07
SKU-4112,30,802.9,2026-03-13
SKU-0256,418,604.04,2026-04-23
SKU-5946,302,351.824,2026-09-01
SKU-5374,443,559.9,2026-08-15
SKU-8450,409,579.7,2026-09-17
SKU-1584,246,610,2026-09-02
SKU-0073,384,858,2026-02-21
SKU-5613,96,770.2,2026-05-24
SKU-6229,66,493,2026-10-06
SKU-5209,445,745,2026-05-01
SKU-7693,369,633.729,2026-05-14
SKU-7541,312,664.4,2026-07-22
SKU-8767,140,840.776,2026-12-22
SKU-8473,5,626,2026-08-17
SKU-6532,83,624,2026-08-19
SKU-4142,331,251.4,2026-02-01
SKU-2513,414,159.833,2026-08-14
SKU-0709,326,154.336,2026-04-25
SKU-6234,410,494,2026-09-10
SKU-8708,391,441.32,2026-08-09
SKU-9629,278,877.44,2026-04-11
SKU-7266,471,463.1,2026-03-21
SKU-8212,86,520,2026-06-05
SKU-9240,402,279.75,2026-04-17
SKU-7116,-9,16.8,2026-04-14
SKU-4453,372,171,2026-02-13
SKU-8096,411,30.7,2026-04-28
SKU-0734,422,424.39,2026-05-19
SKU-5083,316,492.77,2026-03-18
SKU-9493,311,88.6,2026-12-04
SKU-0999,356,578,2026-08-04
SKU-3197,211,306,2026-03-04
SKU-0011,170,451,2026-03-24
SKU-9885,51,414.2,2026-07-12
SKU-4135,158,812.64,2026-07-08
SKU-3473,178,100.6,2026-01-11
SKU-1433,347,118.4,2026-01-20
SKU-6952,275,391,2026-10-16
SKU-0388,177,674.931,2026-10-20
SKU-7608,173,288,2026-03-07
SKU-6517,371,652,2026-01-14
SKU-7486,105,489.508,2026-09-22
SKU-5658,51,527.553,2026-04-24
SKU-7005,442,625.3,2026-01-02
SKU-7842,23,452.897,2026-09-21
SKU-0643,33,823.86,2026-07-26
SKU-2165,181,333,2026-06-15
SKU-7295,249,343,2026-04-10
SKU-4557,141,384,2026-12-26
SKU-2708,495,502,2026-02-03
SKU-3155,432,184.30,2026-09-20
SKU-8677,110,329.83,2026-11-07
SKU-6051,319,723.840,2026-10-25
SKU-6112,255,367.75,2026-11-18
SKU-7319,222,847.76,2026-12-23
SKU-8981,307,890.456,2026-02-18
SKU-4066,284,69.70,2026-11-02
SKU-6666,337,901.792,2026-07-11
SKU-0789,149,87,2026-05-27
SKU-7923,7,614.6,2026-04-04
SKU-5179,364,240,2026-11-05
SKU-1913,438,69.15,2026-02-07
SKU-5131,310,168.621,2026-08-13
SKU-2774,-15,23,2026-11-15
SKU-5119,417,995.2,2026-07-19
SKU-5885,73,893.58,2026-04-23
SKU-0933,-4,111,2026-09-19
SKU-2456,-6,653.300,2026-01-22
SKU-5658,378,207,2026-04-13
SKU-2430,320,574,2026-01-14
SKU-7637,-21,622,2026-06-16
SKU-7166,-36,744,2026-06-25
SKU-8519,426,816.886,2026-08-08
SKU-3249,295,292.52,2026-01-26
SKU-8746,212,624.39,2026-07-12
SKU-9674,-42,75.06,2026-04-03
SKU-4869,323,348.65,2026-02-03
SKU-0531,475,516.1,2026-06-26
SKU-7893,185,352.3,2026-04-10
SKU-6789,82,491.731,2026-08-09
SKU-9375,306,67.34,2026-05-26
SKU-0220,316,243.6,2026-11-20
SKU-1232,126,411,2026-06-17
SKU-9285,429,993.584,2026-03-04
SKU-9400,333,979,2026-05-02
SKU-4854,39,717.264,2026-01-27
SKU-1270,287,349.954,2026-03-16
SKU-5458,364,923.22,2026-09-25
SKU-2507,292,916.2,2026-06-26
SKU-6932,437,32,2026-04-27
SKU-3100,90,931.44,2026-06-01
SKU-3185,298,425.53,2026-01-24
SKU-5509,475,261.3,2026-10-14
SKU-8271,341,200.33,2026-05-11
SKU-0060,6,887.98,2026-09-05
SKU-9522,326,46.011,2026-08-18
SKU-2247,-20,751.77,2026-05-28
SKU-8699,460,559.93,2026-05-16
SKU-0297,35,817.79,2026-09-16
SKU-8404,343,44,2026-03-05
SKU-4720,-59,142,2026-09-06
SKU-9151,279,546.7,2026-10-06
SKU-4960,281,785.63,2026-11-24
SKU-7942,192,333.784,2026-05-18
SKU-7434,413,581,2026-10-19
SKU-5302,403,4.989,2026-12-14
SKU-3371,496,973.5,2026-11-26
SKU-1596,84,487.8,2026-03-12
SKU-0537,38,603.436,2026-03-27
SKU-3015,313,246.9,2026-04-11
SKU-8227,449,433.465,2026-02-16
SKU-3007,287,380.51,2026-05-11
SKU-6442,250,360.5,2026-08-26
SKU-1445,470,335.0,2026-09-18
SKU-3281,327,946.6,2026-12-26
SKU-1379,200,780.1,2026-07-20
SKU-0981,64,544.682,2026-01-14
SKU-0753,328,708.66,2026-07-24
SKU-8934,433,408,2026-05-13
SKU-0746,276,186.76,2026-02-03
SKU-9087,27,49.183,2026-04-19
SKU-2217,97,152.27,2026-03-27
SKU-5219,444,138.9,2026-07-26
SKU-6852,36,884.4,2026-02-07
SKU-1081,93,131,2026-03-20
SKU-1941,143,722.982,2026-10-24
SKU-6408,96,518.728,2026-10-21
SKU-0386,79,756,2026-10-04
SKU-2228,446,416,2026-02-17
SKU-8783,15,553,2026-12-08
SKU-9609,261,266.489,2026-10-25
SKU-9056,214,306,2026-01-15
SKU-2409,210,213.71,2026-06-08
SKU-2010,305,186.09,2026-08-21
SKU-7427,348,120.72,2026-12-20
SKU-6254,138,899.5,2026-08-21
SKU-1080,420,262.29,2026-06-14
SKU-9143,213,26,2026-08-21
SKU-4066,120,738.84,2026-02-15
SKU-5365,365,167,2026-06-18
SKU-3815,468,846,2026-12-17
SKU-8286,369,823,2026-09-04
SKU-4569,40,191.004,2026-07-19
SKU-2796,390,601.1,2026-07-11
SKU-0620,97,272.291,2026-04-11
SKU-7553,130,885.6,2026-11-15
SKU-8697,137,992.53,2026-11-13
SKU-5421,263,103.2,2026-09-28
SKU-7428,315,414.698,2026-02-25
SKU-5214,44,543.098,2026-05-21
SKU-6863,344,76.1,2026-07-15
SKU-9018,121,731.199,2026-05-01
SKU-4156,366,797.21,2026-09-05
SKU-8321,143,983.613,2026-01-06
SKU-2641,313,697.796,2026-02-20
SKU-6732,310,5.664,2026-07-19
SKU-1989,31,381.59,2026-07-13
SKU-0214,53,11.82,2026-03-06
SKU-7525,95,252.3,2026-02-17
SKU-4542,469,874,2026-03-28
SKU-8079,357,842,2026-03-18
SKU-2405,-13,649,2026-02-03
SKU-1763,130,241.9,2026-05-03
SKU-0168,9,978,2026-11-28
SKU-7571,145,670,2026-04-26
SKU-3643,499,489.9,2026-11-06
SKU-7271,309,9,2026-04-10
SKU-2342,213,553.76,2026-08-22
SKU-8682,412,635.305,2026-09-09
SKU-6409,414,740,2026-02-01
SKU-1679,295,176.18,2026-04-06
SKU-7796,216,265.32,2026-02-24
SKU-5512,317,599,2026-05-16
SKU-4769,93,17,2026-01-21
SKU-0796,72,489.0,2026-09-25
SKU-1824,316,522,2026-03-27
SKU-0215,286,524.8,2026-03-22
SKU-3301,287,685.4,2026-07-24
SKU-6526,175,436.645,2026-01-21
SKU-9202,404,264.180,2026-04-22
SKU-6253,16,992.8,2026-03-07
SKU-0859,384,148.5,2026-03-05
SKU-3320,440,193.179,2026-10-24
SKU-0223,334,433.32,2026-06-06
SKU-4218,51,36.6,2026-02-25
SKU-9308,159,550.6,2026-10-23
SKU-7863,316,798.389,2026-02-22
SKU-3920,252,625,2026-04-19
SKU-9679,385,499,2026-02-07
SKU-0081,176,669.08,2026-05-14
SKU-8738,114,935.074,2026-04-06
SKU-4131,390,350,2026-06-23
SKU-3018,439,679.755,2026-12-11
SKU-0373,465,597.1,2026-04-22
SKU-9901,141,525.68,2026-01-02
SKU-9284,50,684.566,2026-07-14
SKU-8423,58,953.80,2026-11-23
SKU-3547,408,471.658,2026-03-02
SKU-3032,242,971.50,2026-05-06
SKU-9369,320,562.0,2026-09-27
SKU-8588,396,18.9,2026-08-06
SKU-7325,37,283.20,2026-03-23
SKU-3567,31,783.26,2026-02-28
SKU-1663,408,457.3,2026-01-03
SKU-0938,220,36.209,2026-10-17
SKU-2185,208,901.61,2026-05-10
SKU-0630,33,888.62,2026-02-22
SKU-0948,298,996.6,2026-06-16
SKU-8661,253,724.35,2026-09-26
SKU-2714,296,654.096,2026-09-21
SKU-6982,28,600.03,2026-05-20
SKU-4309,300,991.91,2026-11-22
SKU-3008,-54,357.75,2026-07-24
SKU-8909,350,935.084,2026-07-16
SKU-4179,330,926.55,2026-09-07
SKU-1097,184,273.433,2026-12-05
SKU-6913,350,624.442,2026-01-22
SKU-6124,35,604,2026-07-16
SKU-9386,147,374.7,2026-02-02
SKU-7182,6,402.428,2026-11-11
SKU-8342,416,833,2026-12-01
SKU-0690,35,3.201,2026-02-05
SKU-9173,5,591.7,2026-03-21
SKU-9274,499,842.06,2026-03-20
SKU-7879,468,883.33,2026-12-18
SKU-3660,315,399.70,2026-03-07
SKU-9517,-59,232.237,2026-07-01
SKU-8047,38,982.5,2026-02-11
SKU-9949,83,428,2026-05-23
SKU-3801,410,821.11,2026-02-16
SKU-9856,12,795.971,2026-09-16
SKU-0946,282,266.0,2026-09-25
SKU-4225,421,973.71,2026-03-20
SKU-2127,-31,352.93,2026-05-16
SKU-7701,-15,741.58,2026-01-02
SKU-2369,57,327.49,2026-11-01
SKU-6017,-10,273.24,2026-02-01
SKU-6159,-53,174.8,2026-09-07
SKU-0729,122,444,2026-09-13
SKU-7328,288,320.5,2026-01-26
SKU-2561,43,860,2026-02-11
SKU-4712,127,909.99,2026-07-08
SKU-0302,394,946.30,2026-08-27
SKU-6778,44,697,2026-04-28
SKU-8186,347,97.1,2026-09-18
SKU-4545,252,177.59,2026-01-22
SKU-5756,307,898.2,2026-01-21
SKU-1856,94,591.3,2026-07-13
SKU-5334,134,395.175,2026-11-19
SKU-8675,89,998.83,2026-05-01
SKU-4490,11,793.37,2026-02-04
SKU-7395,31,974.97,2026-06-09
SKU-4573,112,162.483,2026-04-20
SKU-8108,95,359.088,2026-01-23
SKU-2192,364,12.10,2026-05-19
SKU-8098,288,142.17,2026-03-15
SKU-5264,20,561.8,2026-09-18
SKU-5813,125,900.781,2026-10-22
SKU-4820,115,153.473,2026-05-14
SKU-5748,325,717.6,2026-12-20
SKU-0950,399,504.754,2026-04-07
SKU-3216,231,761.73,2026-08-23
SKU-6094,176,959.5,2026-08-02
SKU-3766,433,417.283,2026-10-10
SKU-6620,165,980,2026-10-26
SKU-9475,132,260.329,2026-06-21
SKU-2636,455,606.0,2026-10-23
SKU-1918,306,13.0,2026-01-27
SKU-2500,231,96.691,2026-02-09
SKU-1324,54,675,2026-01-13
SKU-4535,294,894.6,2026-06-21
SKU-7174,252,990.0,2026-08-21
SKU-1694,207,647.794,2026-08-20
SKU-5805,263,838.35,2026-02-04
SKU-7204,195,191.25,2026-10-26
SKU-9008,319,689,2026-03-03
SKU-6700,469,504.4,2026-05-20
SKU-0918,114,923,2026-04-24
SKU-9735,147,312.04,2026-01-21
SKU-0942,212,256.940,2026-09-06
SKU-2167,284,594.830,2026-09-16
SKU-9506,136,718,2026-06-13
SKU-2670,439,655.804,2026-10-28
SKU-4339,229,995.8,2026-11-10
SKU-6768,420,63.046,2026-12-22
SKU-2003,373,764.9,2026-07-06
SKU-3649,306,86.0,2026-10-08
SKU-8120,380,80.191,2026-11-15
SKU-7682,183,654,2026-07-24
SKU-1132,78,241.7,2026-03-23
SKU-4268,441,899.965,2026-10-16
SKU-7781,39,179.426,2026-09-22
SKU-4639,-12,713.622,2026-04-20
SKU-2463,163,729.7,2026-06-23
SKU-2348,199,79.89,2026-01-15
SKU-1850,281,215.17,2026-03-14
SKU-7193,259,966.53,2026-12-08
SKU-0619,474,463.54,2026-05-03
SKU-3288,145,106,2026-09-22
SKU-2473,130,652.691,2026-05-11
SKU-1266,281,147.03,2026-02-13
SKU-7598,177,331.53,2026-04-11
SKU-3323,322,16.28,2026-08-17
SKU-2549,233,474,2026-03-17
SKU-4156,288,650.5,2026-06-14
SKU-5027,9,570.24,2026-01-25
SKU-7520,64,140.80,2026-12-24
SKU-2704,342,229.347,2026-07-22
SKU-1534,175,130,2026-10-10
SKU-8963,183,375.489,2026-03-03
SKU-1497,493,784,2026-02-23
SKU-2587,322,859.1,2026-04-24
SKU-7350,56,699.0,2026-11-23
SKU-3071,327,395,2026-12-16
SKU-8386,485,126,2026-04-15
SKU-9547,357,863.4,2026-03-23
SKU-4656,104,13,2026-04-18
SKU-3732,210,971.727,2026-04-17
SKU-2106,289,60.9,2026-08-28
SKU-2666,445,16.462,2026-05-20
SKU-1810,445,746.1,2026-05-01
SKU-2517,416,830.3,2026-07-04
SKU-0521,303,646,2026-01-28
SKU-8530,287,430.3,2026-07-28
SKU-1889,469,745.54,2026-03-13
SKU-5018,64,34.3,2026-04-05
SKU-2712,273,698.711,2026-01-05
SKU-0366,124,476.447,2026-02-21
SKU-4869,65,137.38,2026-05-02
SKU-6660,190,182,2026-01-18
SKU-9098,330,965.55,2026-01-04
SKU-2999,9,182.14,2026-01-11
SKU-8910,403,961.1,2026-06-10
SKU-6408,493,443.9,2026-04-01
SKU-4471,231,259.6,2026-10-06
SKU-8464,437,812,2026-04-08
SKU-8921,141,532.14,2026-04-12
SKU-6308,490,311.949,2026-10-14
SKU-9183,348,335.857,2026-01-28
SKU-3296,349,956,2026-06-24
SKU-3754,325,598.94,2026-11-21
SKU-5695,324,566.91,2026-01-27
SKU-0898,77,625.847,2026-06-06
SKU-0172,61,241.79,2026-12-28
SKU-7873,300,912.6,2026-12-22
SKU-3888,38,347.8,2026-10-05
SKU-3555,90,203.18,2026-01-01
SKU-0478,398,809.8,2026-11-12
SKU-3027,88,336.80,2026-11-27
SKU-2175,85,244.5,2026-11-14
SKU-5772,332,465,2026-07-09
SKU-8155,38,825.629,2026-04-13
SKU-6187,492,376.293,2026-04-18
SKU-3057,321,921.4,2026-01-02
SKU-6512,171,179.5,2026-05-25
SKU-0421,227,390.70,2026-07-09
SKU-3768,417,813.951,2026-08-25
SKU-5174,309,892,2026-02-20
SKU-8465,-37,978.604,2026-10-01
SKU-0802,498,27.233,2026-12-04
SKU-7510,88,550.3,2026-01-27
SKU-9016,282,182.60,2026-05-22
SKU-8173,249,969.982,2026-09-15
SKU-8844,274,998,2026-05-13
SKU-5031,51,566.6,2026-05-22
SKU-9362,420,994.944,2026-11-12
SKU-6351,491,786,2026-12-04
SKU-4381,174,281.60,2026-05-14
SKU-4234,438,614.435,2026-10-20
SKU-3590,432,541.2,2026-02-19
SKU-8626,370,300.877,2026-07-15
SKU-5483,72,662.2,2026-04-18
SKU-1043,401,503,2026-08-28
SKU-8554,270,497,2026-05-08
SKU-6214,467,102,2026-03-28
SKU-3492,239,159.46,2026-11-02
SKU-0460,500,163.547,2026-09-06
SKU-4331,218,564.5,2026-06-03
SKU-6979,195,779.28,2026-06-20
SKU-5062,330,785.60,2026-09-14
SKU-4244,159,511.5,2026-09-14
SKU-0941,468,779.147,2026-02-15
SKU-1860,450,942.11,2026-10-25
SKU-7058,463,711.036,2026-11-10
SKU-2791,24,102.7,2026-12-02
SKU-8050,77,102.64,2026-09-04
SKU-1757,423,688.80,2026-02-13
SKU-8472,346,137.12,2026-11-06
SKU-5402,152,358.35,2026-09-20
SKU-6320,-20,738.47,2026-07-18
SKU-7079,472,357.6,2026-02-05
SKU-7015,402,770.32,2026-01-23
SKU-3980,9,208.43,2026-01-10
SKU-3529,131,171.1,2026-09-06
SKU-3853,173,489.679,2026-06-14
SKU-1486,8,692.48,2026-02-28
SKU-4842,374,279.084,2026-07-01
SKU-5366,97,932.1,2026-09-13
SKU-1312,342,67,2026-05-19
SKU-7882,29,150,2026-09-21
SKU-1716,206,314.0,2026-04-13
SKU-2963,462,496,2026-03-01
SKU-1944,181,827,2026-10-07
SKU-1869,139,164,2026-11-26
SKU-4609,330,950.028,2026-09-04
SKU-2869,123,320,2026-12-17
SKU-6790,-17,446.41,2026-02-28
SKU-7021,248,48.852,2026-06-05
SKU-2962,251,772.0,2026-06-16
SKU-2882,481,32.859,2026-06-06
SKU-2410,158,969,2026-01-02
SKU-8490,294,433,2026-02-15
SKU-7615,344,98,2026-04-20
SKU-1243,13,565.317,2026-11-17
SKU-2254,381,465.994,2026-04-10
SKU-9208,48,702.840,2026-04-02
SKU-8944,191,421,2026-01-26
SKU-5280,220,446,2026-08-24
SKU-7530,26,165.8,2026-03-23
SKU-0636,273,471.9,2026-03-22
SKU-0369,86,637.9,2026-09-05
SKU-7545,421,205,2026-03-16
SKU-4195,434,959.5,2026-03-22
SKU-9762,492,315.1,2026-11-04
SKU-5197,107,931.2,2026-02-17
SKU-9556,299,801.569,2026-08-24
SKU-4675,289,758,2026-05-14
SKU-6916,336,468.35,2026-03-03
SKU-4502,39,346.2,2026-03-20
SKU-6027,215,719.60,2026-03-26
SKU-5940,139,946,2026-04-21
SKU-2682,426,498,2026-11-18
SKU-7668,471,969.89,2026-10-26
SKU-4781,485,259.93,2026-10-13
SKU-6828,244,478,2026-07-26
SKU-8372,141,767.8,2026-05-22
SKU-8812,254,89.5,2026-12-07
SKU-4430,374,17.001,2026-09-15
SKU-1670,118,164.4,2026-09-03
SKU-4840,497,505.7,2026-04-21
SKU-2083,132,479.2,2026-06-17
SKU-1602,176,750,2026-09-25
SKU-2676,326,686.3,2026-07-17
SKU-6791,191,601.653,2026-08-27
SKU-5806,2,311.81,2026-11-16
SKU-2352,-19,484.1,2026-09-05
SKU-7979,96,605.77,2026-10-12
SKU-1452,357,725.89,2026-11-18
SKU-6226,50,820.27,2026-10-13
SKU-3466,476,529.762,2026-09-02
SKU-4347,253,544.5,2026-06-21
SKU-1028,424,547.243,2026-03-20
SKU-1188,198,517.485,2026-09-05
SKU-9184,482,93.72,2026-05-19
SKU-9782,388,719.42,2026-07-17
SKU-2288,383,464.2,2026-09-27
SKU-5263,215,842.99,2026-07-15
SKU-5474,47,752,2026-07-02
SKU-7018,47,97,2026-07-23
SKU-7736,139,389.604,2026-06-26
SKU-8245,275,615.272,2026-12-15
SKU-5977,3,407.5,2026-04-25
SKU-6663,212,839.5,2026-06-25
SKU-0157,103,370.6,2026-11-08
SKU-3851,58,450.336,2026-11-24
SKU-8424,160,192.799,2026-11-15
SKU-9474,444,742.74,2026-05-07
SKU-4341,146,789.04,2026-06-03
SKU-0822,311,487,2026-03-11
SKU-0199,56,156,2026-06-24
SKU-1939,-11,382.8,2026-12-28
SKU-6536,-12,547,2026-09-05
SKU-4556,332,265.135,2026-08-02
SKU-4776,57,708.713,2026-11-05
SKU-8400,341,843,2026-09-27
SKU-4498,185,110,2026-04-01
SKU-0439,477,662.9,2026-09-17
SKU-4894,428,569.7,2026-08-08
SKU-9722,111,288.9,2026-01-10
SKU-3152,266,580.481,2026-02-15
SKU-9195,42,580,2026-11-12
SKU-2091,430,26,2026-08-18
SKU-5175,429,869.6,2026-09-06
SKU-5389,79,299,2026-09-20
SKU-8376,137,368.275,2026-05-16
SKU-0198,48,256,2026-09-09
SKU-8352,265,298.0,2026-11-25
SKU-7260,173,721.90,2026-11-01
SKU-1715,29,372.81,2026-05-10
SKU-7875,411,228.99,2026-06-12
SKU-0546,72,547.586,2026-10-02
SKU-8147,4,415.1,2026-11-06
SKU-3141,195,73.5,2026-03-13
SKU-2068,192,567.611,2026-04-26
SKU-7611,169,954,2026-09-27
SKU-1962,104,24.72,2026-06-16
SKU-9792,239,44.29,2026-10-22
SKU-2758,5,950.35,2026-02-14
SKU-1992,442,677.44,2026-08-28
SKU-1181,243,415.9,2026-12-02
SKU-3305,202,62.1,2026-10-16
SKU-3743,40,725.08,2026-07-26
SKU-9648,336,786.50,2026-05-01
SKU-6514,240,448.92,2026-06-19
SKU-4145,12,437.5,2026-07-10
SKU-6676,450,791.867,2026-08-17
SKU-4898,302,102.250,2026-06-07
SKU-3765,74,926.98,2026-04-01
SKU-4169,270,563.25,2026-09-09
SKU-7670,350,394.1,2026-07-23
SKU-8092,232,308.77,2026-12-11
SKU-8757,363,833.2,2026-01-28
SKU-3430,285,267.1,2026-04-24
SKU-8092,27,250.34,2026-02-01
SKU-0685,455,224.33,2026-08-21
SKU-5723,-15,695,2026-09-07
SKU-6814,485,351.95,2026-08-25
SKU-5154,335,965.43,2026-06-23
SKU-3944,16,807,2026-03-25
SKU-9808,25,675,2026-01-23
SKU-5044,184,888.2,2026-07-12
SKU-4947,-60,643.53,2026-04-03
SKU-5337,89,226,2026-03-20
SKU-9473,43,949.57,2026-11-20
SKU-2370,257,558.43,2026-07-11
SKU-1437,182,865.86,2026-09-03
SKU-4410,-47,380.60,2026-01-07
SKU-8272,196,282,2026-06-26
SKU-8513,350,30.8,2026-11-09
SKU-0939,262,202,2026-07-14
SKU-9436,276,114.02,2026-01-10
SKU-7843,116,576,2026-03-25
SKU-0974,24,715.25,2026-07-14
SKU-1035,78,749.1,2026-01-24
SKU-4028,125,156,2026-01-15
SKU-1156,47,580.191,2026-01-19
SKU-3493,257,514.8,2026-09-24
SKU-4026,418,741.440,2026-09-24
SKU-0630,370,100.52,2026-07-24
SKU-6967,420,310.3,2026-05-15
SKU-2374,411,884.34,2026-06-22
SKU-5473,21,941.2,2026-03-18
SKU-9207,275,973,2026-11-25
SKU-9189,408,289,2026-10-21
SKU-8533,208,475.2,2026-08-19
SKU-9254,452,660.814,2026-09-13
SKU-1501,376,818.29,2026-10-03
SKU-1180,-42,3.46,2026-02-03
SKU-5439,-10,663.426,2026-12-01
SKU-6587,376,300.165,2026-12-12
SKU-9302,294,724.47,2026-09-05
SKU-4920,499,32.4,2026-08-12
SKU-3709,424,446.2,2026-06-08
SKU-5387,136,620.6,2026-04-25
SKU-8275,167,117.42,2026-01-23
SKU-1797,496,924.276,2026-04-11
SKU-0836,105,319.97,2026-07-27
SKU-0848,208,138.81,2026-07-07
SKU-6133,324,502.132,2026-10-27
SKU-9983,432,431.6,2026-05-25
SKU-1116,394,773.279,2026-09-12
SKU-0207,434,861.82,2026-02-06
SKU-8711,490,721.140,2026-12-02
SKU-2266,24,197.83,2026-08-24
SKU-3955,390,567.8,2026-07-05
SKU-1792,165,983.929,2026-06-16
SKU-0946,33,374.75,2026-09-09
SKU-6861,53,934.4,2026-05-12
SKU-2727,168,10.996,2026-01-27
SKU-8343,200,10.94,2026-04-08
SKU-3129,446,716.04,2026-11-02
SKU-4087,191,791.2,2026-06-19
SKU-7140,164,619.635,2026-03-20
SKU-4376,-37,95,2026-11-16
SKU-1794,-47,133,2026-11-15
SKU-2543,114,339.673,2026-03-23
SKU-2320,497,802.699,2026-05-05
SKU-1350,253,511.9,2026-05-04
SKU-8751,353,297.687,2026-02-24
SKU-3662,465,183.60,2026-06-18
SKU-0434,132,836.2,2026-08-08
SKU-1373,358,18.8,2026-10-12
SKU-4056,-60,352,2026-05-02
SKU-4901,369,884.508,2026-12-24
SKU-9221,120,949.716,2026-09-20
SKU-3043,317,543.668,2026-04-15
SKU-8952,2,54,2026-06-27
SKU-2338,153,553.4,2026-02-02
SKU-2200,121,842.59,2026-12-21
SKU-5463,-45,787.9,2026-10-04
SKU-3728,235,25,2026-02-26
SKU-0910,260,853.35,2026-12-03
SKU-3268,76,981.91,2026-11-15
SKU-5013,356,877.459,2026-06-18
SKU-0596,223,680.77,2026-04-24
SKU-4408,240,635.57,2026-06-22
SKU-4532,235,450,2026-01-13
SKU-3638,159,341.7,2026-10-23
SKU-6812,-40,348.279,2026-07-20
SKU-5252,148,79.1,2026-10-16
SKU-3299,226,985.018,2026-07-04
SKU-3034,7,826.9,2026-05-05
SKU-6375,384,297.879,2026-08-09
SKU-3593,100,712.87,2026-07-27
SKU-4422,389,87,2026-06-24
SKU-6989,111,780.7,2026-10-07
SKU-0124,62,861.533,2026-03-02
SKU-2845,322,291.5,2026-05-18
SKU-8019,320,115.21,2026-06-06
SKU-3203,105,283.51,2026-10-01
SKU-1166,414,932.480,2026-01-06
SKU-2873,146,224.740,2026-02-06
SKU-5503,252,605,2026-09-21
SKU-2952,413,320.1,2026-05-14
SKU-8180,430,792.0,2026-03-08
SKU-9546,140,88.662,2026-09-03
SKU-1935,338,836,2026-07-20
SKU-1135,193,917.1,2026-11-17
SKU-5733,386,461.2,2026-02-27
SKU-1578,119,632.85,2026-03-12
SKU-5427,464,405.63,2026-01-05
SKU-7387,487,251.56,2026-04-08
SKU-9019,183,278.16,2026-01-22
SKU-1937,495,19.0,2026-11-08
SKU-9542,244,949.340,2026-08-18
SKU-3832,165,388.364,2026-01-25
SKU-1544,141,9.2,2026-07-10
SKU-6338,305,804.9,2026-08-07
SKU-3522,329,374.3,2026-02-24
SKU-6930,347,448.37,2026-11-02
SKU-8251,261,855,2026-02-04
SKU-6954,394,817,2026-10-04
SKU-1377,452,17.852,2026-01-28
SKU-2806,311,12,2026-06-19
SKU-3585,442,689.49,2026-06-04
SKU-9881,343,110.041,2026-07-01
SKU-0708,420,472.410,2026-05-12
SKU-8447,358,973.451,2026-07-26
SKU-2568,435,524.7,2026-11-26
SKU-1927,435,300.84,2026-12-16
SKU-1626,437,505.160,2026-10-05
SKU-6167,105,197.5,2026-08-09
SKU-6836,141,806.414,2026-01-12
SKU-7715,102,831.16,2026-06-12
SKU-9265,278,359.7,2026-03-09
SKU-1796,-10,402.72,2026-06-08
SKU-8706,373,962,2026-03-08
SKU-5053,341,897.42,2026-12-23
SKU-4897,83,486.0,2026-02-10
SKU-1672,361,181,2026-02-09
SKU-2711,276,351.845,2026-04-25
SKU-5831,199,170.8,2026-04-17
SKU-1985,155,928,2026-09-23
SKU-9857,342,645.2,2026-12-04
SKU-8059,202,625.217,2026-07-15
SKU-1404,-32,927.91,2026-01-06
SKU-2966,451,915.95,2026-12-05
SKU-4832,280,858.24,2026-08-04
SKU-1291,383,902,2026-06-15
SKU-8418,373,419.47,2026-12-22
SKU-4041,207,676.171,2026-12-17
SKU-9065,422,73,2026-08-03
SKU-2399,6,109.07,2026-05-09
SKU-7040,38,794.5,2026-04-04
SKU-1652,319,933.83,2026-12-01
SKU-9220,159,849.945,2026-11-16
SKU-5288,378,323.1,2026-11-19
SKU-8170,235,600,2026-07-13
SKU-5590,198,350.9,2026-08-26
SKU-7542,425,861.17,2026-08-10
SKU-5672,480,944.0,2026-10-04
SKU-4103,70,329.801,2026-07-12
SKU-0030,6,751.422,2026-09-02
SKU-1375,133,127.3,2026-04-15
SKU-3645,438,171,2026-07-11
SKU-7978,412,114.32,2026-01-23
SKU-4261,103,905.4,2026-04-15
SKU-3618,457,692.6,2026-03-07
SKU-6589,116,888.936,2026-03-27
SKU-8681,360,918.319,2026-06-28
SKU-6534,218,181.510,2026-09-21
SKU-2384,324,266.087,2026-04-07
SKU-7173,463,542.06,2026-05-26
SKU-2844,-27,312.04,2026-04-20
SKU-8987,325,676.84,2026-05-14
SKU-3351,425,701.32,2026-10-11
SKU-7834,478,993.95,2026-01-11
SKU-3955,88,246.076,2026-08-21
SKU-0451,62,173.12,2026-08-07
SKU-0474,241,804.771,2026-11-01
SKU-9463,38,845,2026-12-25
SKU-8194,275,326.0,2026-05-21
SKU-6465,286,832.17,2026-10-18
SKU-2363,266,52,2026-07-10
SKU-9870,388,872.982,2026-08-04
SKU-8005,401,178.89,2026-04-22
SKU-2153,97,51.893,2026-05-12
SKU-2427,226,933,2026-11-08
SKU-4098,293,726.30,2026-12-11
SKU-0329,31,996,2026-02-10
SKU-8241,94,893.6,2026-09-28
SKU-3551,455,348.36,2026-06-10
SKU-9196,333,597.1,2026-11-07
SKU-1198,333,625.9,2026-10-26
SKU-1155,-8,730,2026-12-28
SKU-8332,337,827,2026-10-17
SKU-1385,255,369.50,2026-02-02
SKU-5770,35,773,2026-11-22
SKU-8922,380,699.8,2026-02-18
SKU-6356,279,652,2026-08-10
SKU-4615,446,371,2026-10-19
SKU-2829,410,327.6,2026-07-07
SKU-7381,68,504.039,2026-12-02
SKU-7590,239,529.40,2026-08-15
SKU-0900,477,680.9,2026-12-19
SKU-9410,432,734.84,2026-09-10
SKU-0701,44,491.31,2026-02-01
SKU-1667,367,921.7,2026-03-08
SKU-1754,235,854.6,2026-04-09
SKU-7802,350,932.542,2026-09-07
SKU-0163,256,984.170,2026-06-18
SKU-0004,300,534.34,2026-11-01
SKU-4549,71,488.7,2026-01-03
SKU-4351,146,30,2026-11-04
SKU-0639,392,808,2026-09-21
SKU-2035,362,512.0,2026-09-27
SKU-4522,367,703.084,2026-01-05
SKU-7152,345,491,2026-05-10
SKU-0820,121,88,2026-05-04
SKU-7648,271,574.8,2026-10-24
SKU-3744,455,969.92,2026-03-27
SKU-3270,144,402,2026-09-07
SKU-5751,67,851.8,2026-01-09
SKU-4346,92,809.327,2026-07-14
SKU-1044,275,958.38,2026-06-20
SKU-6390,386,711,2026-09-10
SKU-0537,133,332.5,2026-05-14
SKU-0130,271,795.841,2026-04-17
SKU-9903,-60,857.1,2026-05-22
SKU-1798,253,610,2026-09-21
SKU-3763,345,737.4,2026-11-15
SKU-5965,71,6.303,2026-12-02
SKU-9010,343,465.824,2026-05-04
SKU-2318,259,500.420,2026-02-18
SKU-8366,255,470,2026-08-06
SKU-3719,50,763.7,2026-08-13
SKU-3133,495,74.013,2026-08-10
SKU-0495,50,503.971,2026-02-09
SKU-0955,263,769.88,2026-04-12
SKU-6106,229,608.119,2026-02-16
SKU-0015,212,369.257,2026-02-24
SKU-3366,1,77.326,2026-08-22
SKU-6459,312,776,2026-09-20
SKU-1260,452,427,2026-03-15
SKU-1046,348,764,2026-06-26
SKU-9406,39,63.04,2026-11-06
SKU-6373,369,796.01,2026-10-24
SKU-7251,456,955,2026-03-23
SKU-8502,-19,349.40,2026-09-08
SKU-7801,375,525,2026-03-03
SKU-8770,327,627.595,2026-07-02
SKU-1210,469,592.40,2026-04-02
SKU-8603,310,37,2026-07-25
SKU-1833,423,532.157,2026-03-18
SKU-3581,239,472.3,2026-04-06
SKU-7398,406,583.12,2026-10-02
SKU-7802,383,525.85,2026-01-01
SKU-9905,333,470.809,2026-01-05
SKU-2495,154,970.695,2026-09-12
SKU-3913,407,186.0,2026-01-19
SKU-9853,62,44.1,2026-07-18
SKU-2055,-5,175,2026-05-23
SKU-5511,-49,639.949,2026-08-13
SKU-3379,376,519.73,2026-06-06
SKU-3567,445,539.08,2026-02-20
SKU-2849,384,219.166,2026-09-11
SKU-1090,62,858.507,2026-03-08
SKU-2520,314,644,2026-10-24
SKU-7641,150,98,2026-04-02
SKU-9003,99,297.6,2026-07-22
SKU-8792,13,949.7,2026-09-06
SKU-4996,126,263.25,2026-03-03
SKU-5360,370,626.348,2026-03-20
SKU-7371,49,990.6,2026-12-08
SKU-9575,-44,310.3,2026-09-10
SKU-1945,422,414.076,2026-12-05
SKU-8685,246,833,2026-07-17
SKU-0720,47,557.7,2026-07-24
SKU-2398,378,186.3,2026-04-13
SKU-0169,182,372.74,2026-05-02
SKU-8848,243,539.3,2026-06-26
SKU-0807,42,669,2026-01-06
SKU-8788,136,749.96,2026-09-26
SKU-7781,142,866.0,2026-10-02
SKU-7472,229,936,2026-11-12
SKU-4885,393,373.19,2026-03-01
SKU-6615,303,880.6,2026-07-04
SKU-1282,185,728,2026-10-04
SKU-0704,247,255.40,2026-03-27
SKU-2407,245,573.871,2026-11-15
SKU-3374,217,125,2026-06-19
SKU-8766,440,264.696,2026-02-23
SKU-2028,120,813,2026-03-04
SKU-7318,-25,472.273,2026-09-22
SKU-3441,447,458.3,2026-03-13
SKU-4833,231,714.3,2026-05-15
SKU-7357,181,798.3,2026-01-26
SKU-5249,177,207,2026-12-12
SKU-8542,394,665,2026-12-14
SKU-6623,246,529.323,2026-08-15
SKU-0141,93,169,2026-08-21
SKU-6171,68,382.0,2026-04-11
SKU-9992,302,60.1,2026-05-28
SKU-3874,204,833.86,2026-03-20
SKU-5177,294,350.4,2026-05-15
SKU-9422,7,807.657,2026-10-15
SKU-6718,435,746.93,2026-11-13
SKU-7192,467,749.971,2026-10-26
SKU-7342,278,7,2026-05-08
SKU-0107,151,560.459,2026-04-10
SKU-9224,360,884.673,2026-01-12
SKU-3971,476,65.949,2026-08-17
SKU-3921,246,849.663,2026-09-01
SKU-1616,83,203.775,2026-12-11
SKU-6475,481,271.1,2026-03-26
SKU-1588,235,547.07,2026-03-19
SKU-0360,133,979.231,2026-03-06
SKU-7280,268,659.2,2026-05-28
SKU-8402,495,288.53,2026-09-25
SKU-8966,303,993.316,2026-11-16
SKU-4018,385,399.14,2026-04-23
SKU-6398,215,746,2026-11-02
SKU-8351,281,962.800,2026-09-10
SKU-4642,327,883.453,2026-07-10
SKU-4274,29,692,2026-06-22
SKU-4421,426,989.3,2026-12-12
SKU-0239,22,776,2026-06-02
SKU-2275,198,392.0,2026-08-12
SKU-1280,61,679.9,2026-02-02
SKU-0852,402,470.4,2026-01-20
SKU-8306,400,333,2026-09-05
SKU-9634,210,917.759,2026-12-11
SKU-5467,370,245,2026-11-03
SKU-8871,-23,209,2026-02-20
SKU-5623,194,917.25,2026-04-26
SKU-7718,87,200,2026-08-07
SKU-3418,335,582,2026-06-21
SKU-3571,8,900.149,2026-04-23
SKU-1874,262,391.792,2026-02-09
SKU-6943,180,836.5,2026-02-07
SKU-5341,273,812.88,2026-05-03
SKU-2141,204,726,2026-04-28
SKU-9156,158,483,2026-12-08
SKU-1351,205,365,2026-09-04
SKU-1288,266,784,2026-04-04
SKU-8307,406,969.64,2026-07-13
SKU-8646,282,990.255,2026-02-26
SKU-6435,17,406.088,2026-02-06
SKU-0312,56,776.76,2026-03-13
SKU-7299,246,984.39,2026-07-04
SKU-5030,441,114.595,2026-01-19
SKU-1761,117,362.2,2026-02-27
SKU-9162,390,440.547,2026-09-04
SKU-9123,442,6.9,2026-02-26
SKU-0114,294,913.982,2026-09-10
SKU-8282,388,397.076,2026-10-09
SKU-1795,207,443.258,2026-11-20
SKU-9958,18,448.312,2026-06-20
SKU-1063,168,756.031,2026-12-25
SKU-4703,107,755.317,2026-08-11
SKU-4385,332,625.849,2026-09-23
SKU-7072,407,943.948,2026-12-06
SKU-5088,359,269.950,2026-04-03
SKU-4146,237,112,2026-03-19
SKU-3287,298,959,2026-01-28
SKU-4109,496,803.9,2026-02-13
SKU-1253,418,776,2026-09-15
SKU-4086,168,755.199,2026-06-08
SKU-5839,321,823.7,2026-05-21
SKU-7256,390,483.897,2026-12-03
SKU-8980,203,399.585,2026-11-23
SKU-9128,490,370,2026-09-01
SKU-3662,427,531,2026-01-06
SKU-6208,163,742.0,2026-07-23
SKU-7070,456,619,2026-02-09
SKU-8105,303,476.975,2026-06-18
SKU-7313,385,705.2,2026-01-24
SKU-4870,135,743,2026-12-24
SKU-4838,406,461.29,2026-12-20
SKU-4401,115,385,2026-10-13
SKU-0222,229,751.12,2026-07-09
SKU-2249,185,103.96,2026-11-04
SKU-5875,460,54.2,2026-12-09
SKU-0783,414,513.92,2026-12-12
SKU-1529,333,451.6,2026-10-18
SKU-5238,418,964.6,2026-03-06
SKU-3282,392,601.27,2026-03-20
SKU-0484,354,473.0,2026-01-28
SKU-3598,397,477.03,2026-08-09
SKU-9938,430,131.63,2026-03-25
SKU-8853,5,687,2026-11-07
SKU-6191,182,458.576,2026-11-03
SKU-3784,427,48.26,2026-02-13
SKU-4186,76,426,2026-11-11
SKU-4065,219,598,2026-08-13
SKU-3478,348,810,2026-01-02
SKU-0192,136,771.8,2026-11-11
SKU-9828,374,470.368,2026-03-06
SKU-8415,3,947.19,2026-11-12
SKU-2726,478,469,2026-08-12
SKU-1608,95,199.39,2026-11-22
SKU-6860,121,302.01,2026-05-10
SKU-5615,381,352.169,2026-05-10
SKU-3506,257,696.554,2026-06-22
SKU-8207,415,681.58,2026-01-02
SKU-0482,272,176,2026-02-12
SKU-8418,105,588,2026-10-18
SKU-6176,471,416.1,2026-06-12
SKU-4408,-7,500.731,2026-06-14
SKU-8789,207,559,2026-01-13
SKU-5111,128,529.80,2026-09-26
SKU-4921,105,240.6,2026-08-24
SKU-1430,235,12.951,2026-03-13
SKU-9420,229,74.266,2026-08-07
SKU-8737,129,818.3,2026-09-09
SKU-5840,403,785.487,2026-02-14
SKU-2592,41,725,2026-06-08
SKU-3206,-44,538.04,2026-10-01
SKU-4004,32,245.977,2026-01-20
SKU-2265,176,215.99,2026-02-03
SKU-6839,336,218.73,2026-07-06
SKU-0356,162,208.78,2026-11-10
SKU-0988,385,18,2026-06-07
SKU-4457,31,947.29,2026-02-06
SKU-6235,-38,613.649,2026-06-10
SKU-7788,377,751,2026-08-11
SKU-2875,452,692,2026-09-04
SKU-5573,77,736.70,2026-12-21
SKU-3825,49,562.049,2026-11-20
SKU-3399,200,934.637,2026-07-25
SKU-7766,381,638.019,2026-03-03
SKU-4107,284,666.3,2026-05-27
SKU-1811,353,182,2026-03-07
SKU-4158,-39,165,2026-08-20
SKU-6467,290,339.393,2026-10-15
SKU-2618,464,137.23,2026-11-15
SKU-9861,-16,399.6,2026-01-15
SKU-3346,486,594,2026-09-21
SKU-2436,361,51,2026-02-13
SKU-4695,335,439,2026-07-28
SKU-1060,189,698,2026-06-01
SKU-8961,101,515,2026-07-22
SKU-8797,175,365.967,2026-01-21
SKU-0711,146,744.9,2026-10-25
SKU-5161,9,93.0,2026-07-21
SKU-2214,430,655,2026-03-05
SKU-9946,480,428.2,2026-12-06
SKU-1968,111,985.63,2026-12-26
SKU-3240,157,530.4,2026-11-13
SKU-5704,118,54,2026-05-04
SKU-3159,19,32.00,2026-05-17
SKU-0154,155,913.3,2026-06-06
SKU-9876,171,339.51,2026-12-12
SKU-1903,-8,256.35,2026-09-15
SKU-7203,275,248,2026-11-07
SKU-6563,152,334.60,2026-08-24
SKU-4265,281,899,2026-10-01
SKU-9343,36,578.4,2026-10-28
SKU-1162,207,116.291,2026-01-27
SKU-7301,275,986,2026-07-07
SKU-2136,237,267.35,2026-11-27
SKU-7463,38,436.108,2026-07-10
SKU-2365,341,445.5,2026-06-11
SKU-5120,54,586.680,2026-05-17
SKU-0247,201,698.49,2026-04-27
SKU-2212,429,292.538,2026-09-08
SKU-0437,107,790.9,2026-02-14
SKU-8060,361,687.878,2026-08-21
SKU-3508,497,924.19,2026-09-22
SKU-4249,169,806,2026-07-13
SKU-1019,165,159,2026-10-06
SKU-7141,465,556.451,2026-09-23
SKU-8689,333,499.3,2026-10-01
SKU-0131,163,63.113,2026-04-28
SKU-8744,246,993.722,2026-10-14
SKU-3663,181,346,2026-04-09
SKU-5843,247,941.01,2026-12-10
SKU-3730,222,283,2026-08-13
SKU-7590,473,188,2026-03-17
SKU-0435,429,16.755,2026-01-05
SKU-4050,-33,464.47,2026-05-10
SKU-2397,500,920,2026-05-11
SKU-3373,297,439.88,2026-11-28
SKU-7620,-10,970.538,2026-05-04
SKU-8943,138,212,2026-10-19
SKU-0632,481,163.15,2026-07-07
SKU-9245,411,779.405,2026-01-02
SKU-1358,61,371.9,2026-11-01
SKU-7149,468,393,2026-12-19
SKU-7866,69,505.41,2026-06-09
SKU-9335,133,608,2026-10-02
SKU-7063,-50,344,2026-09-11
SKU-5587,409,53.22,2026-11-01
SKU-1331,256,350.15,2026-10-25
SKU-9494,2,397.623,2026-09-28
SKU-4362,2,963.3,2026-08-01
SKU-7683,412,461.65,2026-07-01
SKU-1479,442,796.7,2026-09-06
SKU-5593,369,360,2026-08-04
SKU-7032,290,72,2026-07-26
SKU-1049,285,490,2026-05-22
SKU-4315,63,738.3,2026-07-21
SKU-4458,302,260.826,2026-09-14
SKU-9433,419,212.14,2026-09-24
SKU-9894,319,256,2026-03-14
SKU-2680,457,530.30,2026-12-16
SKU-4267,408,621.299,2026-05-16
SKU-4194,106,29.25,2026-10-16
SKU-6729,142,6.98,2026-06-15
SKU-3021,268,363,2026-01-11
SKU-1599,61,723.961,2026-11-12
SKU-8336,361,906.456,2026-05-02
SKU-8727,229,966.7,2026-09-12
SKU-8567,105,823.52,2026-05-23
SKU-2948,231,55.874,2026-06-01
SKU-9776,2,394.9,2026-06-07
SKU-0239,300,161,2026-11-19
SKU-6135,365,724.243,2026-08-01
SKU-7588,302,192,2026-04-08
SKU-1330,52,436.8,2026-08-16
SKU-7083,154,472.85,2026-06-16
SKU-8964,373,686.061,2026-10-13
SKU-2052,293,417.86,2026-04-20
SKU-5557,328,199.520,2026-12-24
SKU-4907,21,172,2026-06-26
SKU-3512,97,541.7,2026-04-21
SKU-8067,179,802.86,2026-03-17
SKU-6919,469,399.40,2026-06-09
SKU-0497,385,864.190,2026-11-01
SKU-5657,267,624.2,2026-08-08
SKU-3632,38,211.629,2026-04-13
SKU-6032,482,686,2026-07-27
SKU-6122,22,476.6,2026-10-13
SKU-7806,118,724,2026-11-25
SKU-1712,64,278,2026-05-12
SKU-2210,44,482.04,2026-06-05
SKU-1101,-45,311,2026-05-15
SKU-7010,490,836.864,2026-05-06
SKU-0849,135,200.05,2026-12-18
SKU-3003,-26,800.158,2026-07-26
SKU-6473,253,456,2026-02-10
SKU-2129,460,13.8,2026-05-09
SKU-3538,495,785.684,2026-08-11
SKU-3834,-25,533.4,2026-12-19
SKU-2320,146,800.978,2026-02-12
SKU-3489,184,335,2026-11-13
SKU-0876,330,695.334,2026-06-07
SKU-7825,-59,583.201,2026-03-09
SKU-0589,487,954.50,2026-10-17
SKU-1506,287,334.415,2026-06-21
SKU-9902,104,243.291,2026-11-11
SKU-1372,62,765,2026-02-06
SKU-4943,466,98.223,2026-02-08
SKU-2355,243,757,2026-02-20
SKU-5094,466,917,2026-05-18
SKU-4209,45,936,2026-01-25
SKU-8566,274,637.224,2026-11-24
SKU-6660,136,126,2026-09-21
SKU-3886,30,824.8,2026-01-07
SKU-4694,356,486.573,2026-05-19
SKU-5401,140,452.7,2026-09-17
SKU-8035,213,64.1,2026-04-05
SKU-2868,373,767,2026-03-04
SKU-2291,147,332.859,2026-02-14
SKU-3491,69,57.85,2026-11-06
SKU-2612,436,314.54,2026-04-23
SKU-6603,121,804,2026-07-24
SKU-3726,246,220,2026-07-10
SKU-4246,169,951.4,2026-04-25
SKU-2454,45,811.26,2026-03-09
SKU-9210,35,838.33,2026-03-27
SKU-5994,491,406.6,2026-12-10
SKU-4668,347,760.50,2026-09-16
SKU-1652,255,42.0,2026-11-27
SKU-2443,419,117.44,2026-05-09
SKU-0121,251,614,2026-10-19
SKU-6380,465,758.3,2026-07-12
SKU-5778,18,733.95,2026-11-05
SKU-9090,47,187.95,2026-04-27
SKU-1314,426,264,2026-01-28
SKU-9974,449,930.065,2026-04-21
SKU-6606,440,413.0,2026-01-25
SKU-4176,495,371.628,2026-02-02
SKU-5890,259,431.4,2026-05-25
SKU-3036,381,984.925,2026-11-26
SKU-2721,210,625.567,2026-07-25
SKU-3073,215,28.56,2026-06-13
SKU-2627,277,638.1,2026-07-11
SKU-3014,78,667,2026-08-15
SKU-3762,174,890.1,2026-08-18
SKU-3641,372,628,2026-02-22
SKU-4750,12,648.136,2026-05-23
SKU-8748,31,55,2026-03-09
SKU-8482,441,434,2026-10-21
SKU-1482,239,6.4,2026-09-17
SKU-2747,307,190.849,2026-04-19
SKU-7774,5,300.02,2026-02-25
