region,sku,units,price,zip
north,SKU-00071,205,54.3,34688
east,SKU-01041,398,14.4,05669
north,SKU-01723,333,68.000,04879
north,SKU-00267,374,30.57,07884
north,SKU-01628,371,76.45,99796
south,SKU-01637,495,39.02,92326
west,SKU-01782,299,78.427,71153
west,SKU-01396,364,53.55,96029
south,SKU-01127,350,71.49,00264
central,SKU-01391,133,28.844,08606
north,SKU-01371,486,68.88,08874
east,SKU-01576,441,51.74,99854
west,SKU-01393,499,31.63,01408
north,SKU-01918,222,32.01,62048
west,SKU-01007,237,44.9,00172
central,SKU-01689,301,83.380,18548
west,SKU-00074,389,10.374,01230
south,SKU-01384,210,33.07,03604
west,SKU-01917,500,12.84,04257
south,SKU-01751,307,84.91,81872
north,SKU-01265,474,54.2,78147
west,SKU-01355,102,74.18,34369
south,SKU-00215,279,43.71,26308
central,SKU-00067,42,54.11,31673
west,SKU-01960,42,30.40,11495
west,SKU-01015,85,19.303,00570
north,SKU-01895,188,81.7,62212
east,SKU-01236,133,48.4,06201
south,SKU-00895,94,43.410,08314
east,SKU-00972,91,41.7,30694
north,SKU-00632,441,60.41,01770
central,SKU-00214,160,11.59,78175
central,SKU-00984,401,75.92,08288
east,SKU-00014,406,68.75,52408
north,SKU-01861,112,30.6,05178
west,SKU-01708,320,29.17,00745
north,SKU-00363,230,80.27,39968
north,SKU-00611,75,63.45,54802
south,SKU-00565,292,22.97,24893
south,SKU-01942,486,16.16,71618
north,SKU-01899,161,31.03,09191
central,SKU-01522,110,38.85,02307
north,SKU-00230,175,65.273,79663
central,SKU-01111,174,87.2,28125
south,SKU-01367,418,43.26,95312
north,SKU-01725,347,64.83,11617
central,SKU-01063,383,88.270,84896
north,SKU-00872,103,94.86,58076
south,SKU-01060,166,47.38,17634
west,SKU-01920,343,35.03,43033
west,SKU-00509,418,34.64,60891
south,SKU-01215,263,44.21,72770
west,SKU-00021,397,6.80,87250
north,SKU-00652,241,29.3,04620
west,SKU-01906,430,32.3,37577
north,SKU-00208,160,67.25,05608
central,SKU-01927,199,56.35,52168
south,SKU-01104,39,44.54,07143
west,SKU-00729,32,41.46,01747
east,SKU-01977,177,42.86,91600
west,SKU-00609,258,9.63,07798
west,SKU-00725,360,5.43,00434
south,SKU-01493,135,94.99,09098
west,SKU-00525,496,23.83,07217
north,SKU-01327,3,23.20,48271
south,SKU-00252,353,16.15,54743
west,SKU-00800,133,25.09,31725
north,SKU-00017,148,75.07,19545
east,SKU-01222,238,26.654,22759
west,SKU-01558,63,74.88,02575
south,SKU-01635,231,48.02,08996
north,SKU-01706,202,35.70,01543
south,SKU-00896,338,25.02,10172
north,SKU-00185,184,89.29,54885
east,SKU-00742,393,20.5,23447
north,SKU-00674,158,78.10,09599
east,SKU-01998,433,13.3,62518
south,SKU-01845,459,10.95,11655
south,SKU-01994,225,55.45,85310
north,SKU-01001,221,34.17,05527
east,SKU-01486,290,14.34,62130
central,SKU-00096,40,42.19,05402
east,SKU-01969,119,86.46,06134
central,SKU-00634,353,24.80,36357
west,SKU-01773,321,38.05,85486
west,SKU-00928,101,80.4,18159
west,SKU-01359,93,55.91,74280
east,SKU-01267,360,50.327,11575
south,SKU-00804,79,82.79,51829
west,SKU-01435,329,39.186,70957
central,SKU-01344,211,70.89,74424
south,SKU-00522,69,47.8,64129
south,SKU-00490,305,78.03,48146
south,SKU-00770,250,37.6,35710
north,SKU-01778,297,53.57,72800
south,SKU-01858,476,50.00,54020
east,SKU-00137,314,23.71,05554
west,SKU-01434,453,11.24,11060
west,SKU-01158,117,46.26,72318
north,SKU-00107,292,9.63,42353
east,SKU-00807,439,40.37,10973
central,SKU-01841,177,45.50,85298
north,SKU-00504,267,26.02,51013
south,SKU-01630,433,94.83,06737
central,SKU-00631,294,80.07,66286
south,SKU-01139,39,8.30,04641
north,SKU-00713,115,35.678,98807
south,SKU-01358,429,24.28,70519
east,SKU-00159,71,44.50,54862
south,SKU-01517,143,69.1,03920
south,SKU-00536,102,7.6,04602
central,SKU-00968,178,5.8,55455
north,SKU-00841,58,18.58,25807
south,SKU-01066,422,54.04,91619
east,SKU-00189,397,76.79,42848
central,SKU-00223,317,40.415,06034
west,SKU-00658,88,9.9,16785
south,SKU-01524,96,47.57,06556
central,SKU-00893,418,46.2,86653
south,SKU-00563,155,38.01,72319
north,SKU-01437,175,31.936,68316
north,SKU-00205,126,41.4,95415
south,SKU-01009,185,70.12,02781
central,SKU-01687,172,63.39,00149
central,SKU-00696,329,32.27,25832
south,SKU-00139,6,34.63,64831
west,SKU-00888,36,80.38,88013
central,SKU-00748,247,80.35,88495
north,SKU-00687,143,64.88,13922
north,SKU-01796,194,33.01,62651
east,SKU-00151,434,79.19,06732
central,SKU-01003,69,66.57,36002
west,SKU-01052,123,58.26,01882
central,SKU-01397,134,17.5,77944
south,SKU-00989,300,50.38,05369
south,SKU-01730,250,70.80,57919
central,SKU-00930,270,96.61,76929
central,SKU-00016,310,4.35,01495
south,SKU-01062,374,82.7,32109
central,SKU-01992,24,54.3,18484
west,SKU-01712,308,89.95,40169
west,SKU-00221,63,25.77,06411
west,SKU-00553,187,68.48,57718
south,SKU-01849,324,96.21,05658
south,SKU-01940,79,60.2,55882
north,SKU-01555,5,6.54,28032
west,SKU-01373,137,80.10,84074
west,SKU-01234,49,2.234,70296
east,SKU-01348,494,73.3,18142
north,SKU-00154,442,47.88,01654
west,SKU-01086,152,65.50,08080
east,SKU-00408,470,85.17,93775
west,SKU-01568,469,45.6,09334
central,SKU-00411,229,21.96,84690
west,SKU-01171,355,40.164,66239
north,SKU-00059,320,65.49,33875
west,SKU-01454,310,72.164,28133
east,SKU-01661,483,77.55,03698
east,SKU-00400,79,33.680,30754
north,SKU-01738,328,28.51,36660
central,SKU-00760,328,28.34,04167
central,SKU-00377,315,72.53,99152
north,SKU-01285,319,58.93,38659
south,SKU-01929,202,94.53,89665
central,SKU-00500,386,4.07,31202
west,SKU-01020,316,18.78,19205
west,SKU-00718,146,54.20,83540
south,SKU-01480,375,29.36,31821
north,SKU-01141,52,23.8,35258
south,SKU-00279,214,34.2,47222
central,SKU-01668,46,69.92,02057
south,SKU-01444,158,8.53,52265
east,SKU-00044,107,18.72,87312
south,SKU-01270,330,70.53,07120
central,SKU-01911,389,34.64,48787
south,SKU-01827,282,53.05,06164
central,SKU-00380,308,82.55,67076
east,SKU-01473,282,48.40,87191
south,SKU-01083,155,94.85,56204
north,SKU-01167,393,43.201,95143
central,SKU-00307,61,14.66,49874
west,SKU-00779,402,83.21,82506
central,SKU-00179,329,9.88,69179
west,SKU-00343,280,35.86,79045
central,SKU-01606,230,96.7,57072
east,SKU-00498,83,32.308,76485
east,SKU-01106,165,60.28,42457
north,SKU-01315,140,20.88,03395
north,SKU-00602,14,7.16,29199
west,SKU-01963,2,43.9,02271
south,SKU-01501,264,66.908,63254
central,SKU-00811,327,61.56,09150
central,SKU-00129,386,52.89,04909
south,SKU-01297,35,73.6,08663
north,SKU-01893,245,61.00,68874
east,SKU-01048,500,59.643,04756
central,SKU-01030,105,61.75,06202
south,SKU-00340,158,4.77,74933
west,SKU-00468,147,98.11,21708
south,SKU-00952,149,36.4,07654
east,SKU-01627,252,36.5,64667
west,SKU-01494,171,65.54,50283
north,SKU-00915,128,96.21,88048
west,SKU-00203,241,92.8,08936
north,SKU-01732,103,42.75,34011
west,SKU-00887,430,54.66,19821
west,SKU-01516,449,14.83,22990
central,SKU-00701,366,44.60,72336
south,SKU-00231,253,27.37,09288
north,SKU-00211,157,17.20,05363
west,SKU-00505,124,81.09,88719
east,SKU-01024,182,38.17,76472
north,SKU-01073,390,72.96,11290
south,SKU-01322,245,1.85,04268
north,SKU-00845,52,37.07,06288
central,SKU-01705,205,5.18,62084
east,SKU-01423,406,70.8,52447
north,SKU-01096,224,6.6,43215
central,SKU-00645,440,59.63,02387
west,SKU-00006,156,67.96,60065
north,SKU-01102,283,53.19,53502
south,SKU-01321,215,58.86,04039
north,SKU-01756,27,97.7,53219
central,SKU-01266,301,43.431,72496
west,SKU-00752,378,34.10,58819
east,SKU-01189,431,60.51,17837
east,SKU-00184,408,84.603,75727
central,SKU-01690,204,15.05,00584
north,SKU-01797,215,53.8,16278
south,SKU-00420,308,30.37,88364
west,SKU-00018,182,48.561,07608
north,SKU-01221,345,33.82,88322
south,SKU-00924,75,3.29,17784
central,SKU-01395,84,12.7,95113
east,SKU-01529,275,78.97,61304
south,SKU-00152,177,3.99,29490
south,SKU-01172,210,46.29,73756
west,SKU-00938,451,18.78,08847
west,SKU-01280,29,24.51,97413
central,SKU-00661,351,61.7,06264
south,SKU-00769,483,66.20,20105
south,SKU-01191,440,32.34,84768
north,SKU-01463,390,95.44,88065
east,SKU-01540,77,79.42,28809
north,SKU-01910,92,93.522,00036
north,SKU-01560,175,3.78,03957
south,SKU-00477,239,18.35,72966
south,SKU-00243,282,46.91,08187
south,SKU-00207,352,42.70,88261
east,SKU-01842,271,29.557,35902
west,SKU-01123,312,52.02,15308
east,SKU-00373,424,67.0,26698
north,SKU-01390,290,57.220,10477
east,SKU-00432,364,48.71,52469
west,SKU-00639,497,63.35,47613
east,SKU-01870,479,95.16,44751
north,SKU-01132,224,67.50,27971
east,SKU-01244,316,33.18,08890
central,SKU-01074,35,95.23,06099
west,SKU-00865,148,7.74,14971
central,SKU-00383,297,34.41,78359
east,SKU-00471,308,25.05,25043
south,SKU-01875,318,1.06,94266
north,SKU-01336,5,16.16,25217
north,SKU-00410,217,24.27,80020
south,SKU-01950,119,98.40,66848
east,SKU-01110,8,17.69,44252
central,SKU-00334,42,60.84,92676
west,SKU-00136,355,98.296,05881
east,SKU-01698,285,97.78,05986
west,SKU-00987,379,76.93,50286
central,SKU-01815,426,63.31,80754
south,SKU-01521,151,18.32,05567
west,SKU-01429,480,76.028,25686
west,SKU-01638,283,93.52,09373
west,SKU-00277,279,20.44,98729
central,SKU-00251,157,77.38,60416
west,SKU-00921,44,84.5,74074
east,SKU-01566,141,55.2,07850
south,SKU-00001,207,94.895,01922
central,SKU-00837,324,35.37,01135
central,SKU-00336,300,60.06,06559
east,SKU-01619,489,41.5,06554
north,SKU-01587,112,93.96,29577
central,SKU-01005,285,73.84,14219
north,SKU-00849,211,84.93,05350
central,SKU-01216,300,3.12,07900
south,SKU-01982,21,46.17,51785
east,SKU-01912,201,6.054,74789
north,SKU-01547,297,77.79,09970
south,SKU-00961,385,79.18,08528
west,SKU-00890,438,67.60,50905
north,SKU-00421,149,25.15,31743
central,SKU-00169,249,41.1,10376
south,SKU-00910,106,97.52,28130
west,SKU-01353,158,66.2,79283
north,SKU-01318,314,26.947,71921
central,SKU-00840,442,44.47,03488
east,SKU-01072,223,92.12,06074
north,SKU-01301,202,59.19,95189
east,SKU-00689,446,62.72,90927
central,SKU-00313,168,83.53,05161
west,SKU-00355,158,67.9,09398
north,SKU-01509,468,14.34,14012
central,SKU-00451,79,12.03,18730
south,SKU-01519,291,69.88,46516
north,SKU-00318,80,9.34,15494
west,SKU-01027,6,65.43,03280
west,SKU-00774,251,32.1,24501
east,SKU-01577,105,13.92,77114
south,SKU-00442,294,78.029,28891
east,SKU-00412,400,41.02,05232
north,SKU-01876,252,67.43,14683
central,SKU-01702,441,91.84,03682
central,SKU-00328,6,57.25,04179
central,SKU-01921,448,7.80,82645
south,SKU-01000,349,70.22,58640
south,SKU-01077,237,17.7,81115
south,SKU-00080,432,60.65,99580
west,SKU-00076,455,69.63,28506
central,SKU-01462,337,76.57,28242
west,SKU-01945,226,65.819,72188
central,SKU-00117,340,84.66,31975
central,SKU-01394,435,84.47,03908
east,SKU-00438,12,66.34,79479
south,SKU-01469,118,31.13,59538
west,SKU-00196,328,13.23,34040
east,SKU-01694,485,32.06,02931
east,SKU-00278,155,94.11,03031
north,SKU-00427,113,91.3,49545
east,SKU-00698,58,61.2,04665
south,SKU-01491,19,58.7,40735
south,SKU-00814,461,10.63,02122
central,SKU-00530,446,64.69,02022
west,SKU-01082,21,36.88,72338
west,SKU-00337,298,46.07,08640
central,SKU-00966,150,21.50,16089
north,SKU-01603,262,18.65,13310
west,SKU-01331,265,68.58,56265
north,SKU-00550,9,19.17,00793
south,SKU-00039,456,72.51,63559
north,SKU-00143,278,58.34,49003
north,SKU-01951,144,76.84,08788
central,SKU-00046,491,61.74,00907
south,SKU-00146,107,1.71,73006
north,SKU-00125,497,2.6,45849
south,SKU-00052,232,17.93,37047
central,SKU-01157,127,52.76,62374
central,SKU-00933,158,81.06,29203
south,SKU-00247,417,23.400,17883
north,SKU-00934,208,36.977,58424
west,SKU-00019,314,41.05,51700
north,SKU-00043,186,2.07,52984
west,SKU-01662,384,28.74,46132
west,SKU-01675,313,10.5,08008
north,SKU-01133,111,67.76,57242
central,SKU-01450,89,88.33,00788
east,SKU-01460,91,80.59,06178
central,SKU-01204,197,71.9,99934
central,SKU-01487,285,31.13,01478
east,SKU-01408,217,14.95,63031
west,SKU-00900,357,84.980,54371
east,SKU-01169,111,67.77,02130
central,SKU-00788,112,1.57,09446
central,SKU-01794,494,11.47,04859
central,SKU-01611,119,60.17,62589
east,SKU-01019,62,12.5,07116
west,SKU-00920,292,47.21,18386
north,SKU-01939,269,29.52,80393
north,SKU-00376,203,15.22,01302
north,SKU-00089,195,76.10,01977
central,SKU-00032,457,86.36,80681
east,SKU-00094,491,79.40,08118
south,SKU-00654,482,17.8,01026
south,SKU-01984,22,83.80,32860
south,SKU-01735,191,52.8,03600
east,SKU-00834,464,30.44,43981
west,SKU-00996,168,67.05,56490
central,SKU-00941,383,20.94,67085
north,SKU-01604,2,67.396,50745
north,SKU-00288,109,66.3,07596
south,SKU-00353,254,81.67,05300
central,SKU-01605,22,21.41,01069
south,SKU-01372,318,61.75,08906
west,SKU-01014,277,44.33,09858
north,SKU-00567,151,25.70,14765
east,SKU-00923,60,12.32,07985
east,SKU-00496,75,92.491,99067
east,SKU-01575,84,85.0,28013
east,SKU-01916,478,14.62,02195
north,SKU-00453,198,51.1,03090
west,SKU-00266,491,62.80,66372
central,SKU-00902,257,50.61,07086
north,SKU-00510,364,42.57,73264
south,SKU-00323,481,75.63,02537
west,SKU-01438,278,11.94,15444
north,SKU-00964,196,95.1,52261
north,SKU-01309,128,91.89,79946
east,SKU-00828,30,18.33,12255
central,SKU-01142,406,91.6,03625
east,SKU-00575,166,39.27,06944
north,SKU-00289,380,33.25,27339
east,SKU-00327,79,98.0,07417
west,SKU-01138,192,80.49,02258
west,SKU-00217,93,52.08,44422
south,SKU-00568,466,23.19,02289
west,SKU-00908,20,51.23,78075
east,SKU-01233,427,28.82,55436
east,SKU-01991,50,83.269,70591
north,SKU-00759,429,81.90,63013
north,SKU-00238,282,66.80,20083
east,SKU-00272,147,69.1,01730
east,SKU-01670,399,17.4,02378
east,SKU-01720,66,62.466,06201
east,SKU-00213,322,40.1,26341
north,SKU-01903,296,42.61,07313
central,SKU-00879,22,92.904,00488
south,SKU-00077,462,92.965,05838
west,SKU-00582,157,20.55,82682
south,SKU-00220,402,21.9,53128
west,SKU-00200,283,29.7,74121
north,SKU-00072,500,1.75,08357
south,SKU-01632,200,71.55,70903
north,SKU-01347,151,34.60,62051
west,SKU-01872,404,61.345,28651
central,SKU-00166,4,53.15,76263
central,SKU-01768,346,32.0,73988
south,SKU-01955,250,78.93,81945
central,SKU-01143,101,50.42,67666
east,SKU-01276,193,49.2,67791
central,SKU-01485,41,83.83,16370
east,SKU-00433,425,71.05,68549
central,SKU-01672,215,76.29,02797
east,SKU-00118,136,73.8,63616
west,SKU-00664,342,98.87,08107
west,SKU-01181,123,63.307,39755
south,SKU-01448,376,61.26,85715
north,SKU-00873,32,34.29,03873
west,SKU-01308,249,72.63,00601
south,SKU-01362,135,49.78,79613
central,SKU-01312,90,5.30,37590
north,SKU-01238,136,96.29,04956
north,SKU-01260,3,1.35,02960
central,SKU-00063,188,52.74,75301
south,SKU-00352,119,8.30,16659
west,SKU-01840,183,58.93,12080
south,SKU-01011,371,29.9,31145
south,SKU-00529,295,7.38,02411
east,SKU-00518,260,88.78,35045
west,SKU-00312,77,61.833,24110
central,SKU-01838,38,83.49,54793
west,SKU-01160,125,32.67,32389
west,SKU-00842,135,13.1,99884
north,SKU-01904,415,93.77,91424
central,SKU-00053,282,7.00,09894
north,SKU-01651,9,46.43,87530
west,SKU-00114,223,71.473,06438
central,SKU-00867,92,30.77,54740
south,SKU-01757,147,49.9,72094
south,SKU-00459,158,88.77,30591
central,SKU-00519,407,62.32,01363
east,SKU-01913,141,33.6,01805
central,SKU-00854,141,90.17,49820
central,SKU-00549,253,1.01,01306
east,SKU-00296,402,7.06,02577
central,SKU-00123,206,62.64,27117
north,SKU-00737,232,1.179,34834
east,SKU-01721,333,90.86,79127
west,SKU-01187,21,37.56,03719
south,SKU-00576,49,14.57,07196
north,SKU-00995,106,68.38,51183
east,SKU-00086,138,56.43,06907
south,SKU-00256,172,30.0,19378
north,SKU-00078,26,91.27,33961
central,SKU-01227,478,52.33,45751
east,SKU-00749,395,12.91,32607
south,SKU-01496,111,12.17,05655
south,SKU-00785,451,86.39,05678
west,SKU-00495,339,47.5,03034
north,SKU-01902,393,43.61,02949
east,SKU-00823,29,92.58,00070
east,SKU-01539,293,80.9,14909
central,SKU-00610,461,44.80,59379
north,SKU-01514,481,38.44,96899
central,SKU-01975,411,91.43,03178
north,SKU-01699,46,59.03,02603
central,SKU-01490,192,4.913,93897
north,SKU-01422,88,75.4,30184
central,SKU-00673,274,81.82,08362
north,SKU-01660,375,18.3,40675
north,SKU-01692,342,47.64,73173
west,SKU-00502,77,25.747,47690
south,SKU-01298,59,38.71,36390
east,SKU-01069,32,80.52,41741
east,SKU-00105,18,10.913,04560
central,SKU-01128,330,15.82,06724
west,SKU-00341,423,96.51,01534
south,SKU-01402,164,85.49,04612
west,SKU-01050,116,44.416,27404
north,SKU-01115,362,80.1,76154
central,SKU-00848,477,68.1,42074
west,SKU-01389,148,5.7,55322
east,SKU-01210,263,19.75,01066
north,SKU-01947,447,51.372,84692
central,SKU-01464,207,45.55,00780
north,SKU-00398,397,86.85,38770
west,SKU-00638,112,9.5,43309
west,SKU-00381,248,27.94,54862
east,SKU-01392,436,97.40,01525
south,SKU-01368,433,6.32,07670
west,SKU-01426,74,49.1,02077
west,SKU-01070,215,35.765,86204
west,SKU-00037,45,55.78,96163
central,SKU-01965,204,41.89,84677
south,SKU-00907,213,19.36,10181
west,SKU-01808,383,30.3,36216
east,SKU-00958,188,20.84,57041
east,SKU-01343,367,6.79,37500
west,SKU-00142,38,35.45,83170
west,SKU-01410,364,15.53,78832
west,SKU-00141,194,77.86,49367
south,SKU-01753,3,73.6,80888
west,SKU-00388,60,83.75,25334
central,SKU-00783,326,18.23,67495
west,SKU-01650,483,85.48,00021
west,SKU-01055,283,86.362,58233
east,SKU-00642,188,21.62,08402
north,SKU-00224,438,98.52,34559
north,SKU-01786,155,28.13,70817
south,SKU-00705,40,12.00,97588
central,SKU-01330,122,26.52,51518
south,SKU-00449,146,10.08,83264
south,SKU-01780,479,25.45,66673
south,SKU-01118,181,20.63,95846
north,SKU-00351,114,88.6,05949
east,SKU-01277,321,74.83,27999
central,SKU-01578,499,45.81,29917
east,SKU-01871,185,82.11,02266
east,SKU-00241,169,66.94,07720
east,SKU-00798,348,50.58,30518
west,SKU-00033,384,30.28,20498
east,SKU-00660,402,44.66,08834
south,SKU-01750,296,62.27,81260
west,SKU-00974,107,39.055,44696
west,SKU-01860,427,31.86,05644
south,SKU-00188,354,79.21,07654
east,SKU-01777,128,80.40,19052
south,SKU-00805,336,86.8,41955
south,SKU-00281,130,13.4,01676
central,SKU-01357,200,35.82,98974
east,SKU-00316,345,75.2,09681
south,SKU-01099,10,22.08,85971
west,SKU-00745,387,84.55,87918
east,SKU-01039,24,34.74,18467
south,SKU-00870,112,92.17,98217
east,SKU-01125,477,46.0,00957
south,SKU-00956,187,25.1,94263
east,SKU-00588,269,25.05,07112
central,SKU-01401,278,71.227,81701
north,SKU-00413,474,47.33,76409
south,SKU-01774,366,16.65,95738
west,SKU-01126,352,36.91,88029
central,SKU-00194,20,70.27,02109
south,SKU-01186,472,19.55,45273
west,SKU-00303,471,84.31,73611
south,SKU-00257,141,38.77,80400
south,SKU-01407,300,72.94,85468
west,SKU-01526,31,28.21,58394
west,SKU-01701,122,9.06,91320
east,SKU-01896,309,90.15,56268
south,SKU-01520,489,98.32,07101
north,SKU-00338,378,4.61,15086
east,SKU-01679,57,87.0,54232
east,SKU-00591,65,41.30,01031
east,SKU-01765,412,71.14,02319
south,SKU-01799,18,57.79,56875
west,SKU-00859,185,94.19,18135
south,SKU-01078,59,34.03,24062
west,SKU-00003,156,63.64,00104
north,SKU-00084,472,70.31,76441
south,SKU-01153,497,95.32,33846
central,SKU-01908,60,44.53,31433
south,SKU-00743,384,30.16,03633
east,SKU-00977,323,19.4,68454
south,SKU-00022,89,51.44,71896
east,SKU-00248,249,85.97,09237
east,SKU-00348,456,89.03,87784
north,SKU-01970,260,54.4,53395
east,SKU-00121,333,25.75,09944
north,SKU-01828,1,29.87,72053
central,SKU-00732,8,1.6,71367
south,SKU-01944,182,38.37,67023
west,SKU-00507,312,93.73,33063
south,SKU-01775,398,40.56,40432
central,SKU-01103,359,87.62,93449
west,SKU-01639,18,70.2,93821
east,SKU-01728,60,69.61,24811
north,SKU-00539,160,36.44,36750
north,SKU-01745,2,16.32,64529
north,SKU-00197,247,32.0,62989
south,SKU-00949,35,87.82,87741
south,SKU-01633,133,74.62,37265
west,SKU-01269,315,67.34,09655
north,SKU-00847,483,75.69,00569
west,SKU-00331,179,89.537,47123
south,SKU-00479,364,97.60,06213
west,SKU-01894,243,77.85,90687
west,SKU-01688,219,31.06,14468
west,SKU-01621,434,58.68,14381
central,SKU-00711,27,93.33,07712
north,SKU-01634,228,95.878,00764
central,SKU-01506,74,65.62,35524
north,SKU-01877,319,17.39,91480
south,SKU-00418,120,79.05,08358
central,SKU-00158,376,13.8,39278
west,SKU-00155,129,56.32,03779
west,SKU-01421,239,86.2,93915
west,SKU-00695,322,41.39,06475
north,SKU-01533,262,1.76,71795
east,SKU-00305,119,57.6,01537
west,SKU-00692,65,14.20,75949
central,SKU-00819,127,78.67,05842
west,SKU-01350,349,48.5,97900
south,SKU-01715,140,1.16,19327
south,SKU-01864,324,53.83,90062
north,SKU-01610,452,79.66,05253
east,SKU-00135,352,31.85,94940
south,SKU-00556,248,91.17,07272
west,SKU-00604,157,77.33,37713
west,SKU-00860,240,10.79,59537
east,SKU-00862,163,17.20,29104
north,SKU-00863,86,54.87,23946
central,SKU-01323,3,57.17,45109
south,SKU-00160,306,11.75,08754
north,SKU-01032,126,76.16,26835
south,SKU-00601,175,37.766,37556
west,SKU-01740,174,71.5,06533
east,SKU-00985,213,15.96,49385
north,SKU-00585,275,94.6,68137
north,SKU-00181,406,70.39,02013
east,SKU-01812,225,28.09,68922
west,SKU-01541,65,42.10,76024
central,SKU-00306,309,97.657,18504
south,SKU-00913,29,56.7,88238
central,SKU-00561,483,74.2,48387
north,SKU-01482,216,87.59,08795
north,SKU-00948,7,45.3,09539
east,SKU-01229,252,81.6,11191
east,SKU-00702,240,19.75,74549
central,SKU-00572,115,71.33,07807
west,SKU-00409,190,39.03,49332
north,SKU-00330,376,17.76,31926
east,SKU-00881,410,63.44,67254
central,SKU-00085,196,30.46,06097
west,SKU-01084,236,49.83,50756
east,SKU-01570,296,37.04,73445
south,SKU-01534,499,27.65,24023
central,SKU-01888,436,26.90,36453
west,SKU-00706,82,49.16,93535
central,SKU-00486,439,63.752,09141
south,SKU-00425,115,74.2,08725
north,SKU-01615,223,63.4,05990
north,SKU-01652,368,11.08,06527
west,SKU-00577,124,38.45,97925
west,SKU-00596,104,4.38,75738
central,SKU-01856,62,23.41,00334
north,SKU-00942,184,70.12,88423
west,SKU-01241,97,57.63,99339
south,SKU-00401,429,45.7,89202
west,SKU-01967,376,65.68,46059
central,SKU-00700,99,21.58,04642
south,SKU-00806,248,69.22,09017
west,SKU-00803,465,81.66,77912
north,SKU-01202,334,92.29,42227
central,SKU-01567,269,42.78,89741
east,SKU-00812,474,61.6,26096
central,SKU-00164,258,68.764,11349
north,SKU-01802,220,30.490,31006
central,SKU-00309,138,88.967,03109
north,SKU-00115,139,89.12,81864
west,SKU-01926,446,29.0,69829
south,SKU-00844,165,22.95,38011
central,SKU-00728,428,43.01,05304
south,SKU-01291,353,4.27,59697
west,SKU-00593,469,3.2,09139
west,SKU-01406,269,18.46,07882
east,SKU-01342,227,75.41,02971
west,SKU-00885,111,2.8,01548
west,SKU-00320,144,45.69,09577
east,SKU-00790,88,29.88,56794
west,SKU-00555,126,6.070,36648
west,SKU-01686,164,22.91,34878
central,SKU-00827,11,37.4,48833
central,SKU-01851,32,42.25,02183
north,SKU-00098,239,83.18,15717
west,SKU-01704,199,50.21,43244
east,SKU-01283,213,2.35,01412
hq,SKU-02002,3,12.35,09021
west,SKU-00426,56,45.9,06408
east,SKU-00808,73,41.66,09084
north,SKU-00100,291,88.79,35525
south,SKU-01275,355,97.35,06133
central,SKU-00598,255,85.74,93509
south,SKU-00754,77,60.25,94334
west,SKU-01513,374,58.09,00503
east,SKU-00206,384,60.2,02613
north,SKU-01418,308,50.40,09011
south,SKU-01251,173,41.36,36646
east,SKU-00573,386,57.99,05566
central,SKU-01492,60,44.3,73964
west,SKU-01369,121,76.68,86109
east,SKU-00721,302,98.3,17032
central,SKU-00559,11,98.48,28402
west,SKU-01886,194,48.96,32778
central,SKU-00858,251,48.11,09077
central,SKU-00794,252,16.63,60668
south,SKU-00008,185,13.26,65890
east,SKU-01819,109,74.09,46397
east,SKU-00715,468,16.541,55181
north,SKU-01228,159,92.916,54077
west,SKU-01776,161,19.0,21276
central,SKU-01456,107,32.28,30743
west,SKU-00662,492,84.7,06640
east,SKU-00981,347,78.21,75351
east,SKU-00458,288,36.12,31937
north,SKU-00628,38,16.05,76935
south,SKU-01146,448,87.94,02748
south,SKU-01882,120,46.82,48880
west,SKU-01230,312,34.50,30158
north,SKU-01649,309,27.1,04083
north,SKU-01980,226,3.78,08117
south,SKU-00816,447,27.147,14530
west,SKU-01591,58,58.084,28427
west,SKU-01551,403,30.09,02192
south,SKU-00315,84,22.17,70950
east,SKU-01155,154,41.145,01845
east,SKU-00445,205,13.39,23431
north,SKU-00403,263,35.5,08186
central,SKU-00558,95,61.5,01188
south,SKU-01928,296,68.08,04316
east,SKU-00876,345,14.505,19404
east,SKU-01718,249,16.94,48072
east,SKU-01607,135,39.88,18409
east,SKU-00452,351,16.64,42116
west,SKU-01722,12,86.38,00265
central,SKU-01174,186,54.2,01834
central,SKU-00294,176,26.85,66740
central,SKU-00750,374,55.8,04832
east,SKU-00385,380,40.3,92397
south,SKU-00249,56,89.94,50791
north,SKU-00990,429,27.46,01911
south,SKU-00359,274,42.9,03662
east,SKU-00937,111,17.18,03562
west,SKU-01717,372,77.46,19512
central,SKU-01033,284,78.34,49452
south,SKU-01205,253,94.98,35167
east,SKU-01472,96,33.07,93597
west,SKU-00026,157,76.52,28244
north,SKU-00768,174,40.21,01458
east,SKU-00106,160,45.07,07236
south,SKU-00709,221,6.8,02722
north,SKU-01252,84,67.29,12517
central,SKU-01307,440,98.59,97903
north,SKU-01731,255,27.2,74060
central,SKU-00245,47,75.58,03172
east,SKU-00287,260,61.6,02097
north,SKU-01400,251,68.72,72212
east,SKU-00878,243,15.22,01782
central,SKU-00487,425,65.33,33801
central,SKU-01934,453,69.05,62950
west,SKU-00682,88,58.15,80601
north,SKU-00957,42,65.36,52333
north,SKU-00384,219,48.65,02474
central,SKU-01281,201,86.11,07774
north,SKU-00466,216,33.78,03271
central,SKU-00776,328,67.2,82387
central,SKU-00304,241,89.52,46478
north,SKU-01874,30,22.7,24619
central,SKU-00590,439,30.44,29037
central,SKU-01457,52,12.87,51417
west,SKU-01432,146,22.5,09811
east,SKU-00739,176,42.69,61570
north,SKU-01198,49,76.97,75089
west,SKU-00693,237,54.0,02361
west,SKU-00736,17,61.22,05149
east,SKU-00429,329,35.87,20076
west,SKU-01137,64,75.68,19764
south,SKU-00375,153,90.391,71908
central,SKU-00228,185,75.44,20455
south,SKU-01147,139,58.13,50116
east,SKU-01329,480,72.0,44170
south,SKU-01095,57,98.40,05305
central,SKU-00180,301,38.3,44029
south,SKU-01599,405,73.24,01557
south,SKU-01305,288,52.83,84908
central,SKU-01608,445,26.77,33937
south,SKU-01523,203,87.42,17440
east,SKU-01374,53,38.94,56153
west,SKU-00569,403,22.08,65919
central,SKU-01243,442,95.11,95647
central,SKU-00935,110,2.95,75212
south,SKU-01595,352,85.00,73763
central,SKU-00342,3,12.58,07774
central,SKU-00258,67,97.4,48113
south,SKU-01026,496,11.8,03635
east,SKU-00023,260,98.0,09136
south,SKU-00025,162,85.4,04028
west,SKU-01296,484,1.50,08371
south,SKU-00475,457,80.26,45146
south,SKU-01974,38,15.26,02614
west,SKU-00912,211,53.57,02107
south,SKU-00986,168,55.43,96925
north,SKU-01279,273,12.01,06282
south,SKU-01164,269,87.25,66735
west,SKU-01853,118,94.00,66841
south,SKU-00004,378,22.26,49105
south,SKU-00988,495,63.4,61948
west,SKU-01439,241,53.11,49969
north,SKU-00917,113,79.35,09312
west,SKU-00950,139,68.53,20374
south,SKU-00127,472,92.9,69475
north,SKU-01317,331,53.29,05906
north,SKU-01489,153,23.77,07805
central,SKU-01246,80,2.4,27458
east,SKU-00293,76,8.4,01415
north,SKU-00374,109,80.60,63000
north,SKU-01535,105,91.755,95051
east,SKU-01034,54,97.86,04764
south,SKU-00484,461,44.101,04949
north,SKU-00261,174,4.599,21349
east,SKU-00192,170,53.50,05490
east,SKU-00161,162,81.42,24515
north,SKU-00922,493,66.8,47340
west,SKU-01766,161,87.257,09762
north,SKU-01857,105,93.38,08734
north,SKU-01600,369,30.25,21412
west,SKU-00501,308,22.1,06254
north,SKU-01788,428,33.61,94296
south,SKU-01436,444,25.82,20886
east,SKU-00898,366,37.2,04078
north,SKU-00048,147,6.03,64600
central,SKU-00186,59,95.4,98589
east,SKU-01614,339,5.35,16369
central,SKU-00579,32,10.12,52862
east,SKU-01868,177,90.01,41131
west,SKU-01755,154,69.7,40863
east,SKU-01113,340,1.70,01178
central,SKU-01781,240,40.38,96924
central,SKU-00599,164,32.72,60829
south,SKU-00877,179,52.75,94152
west,SKU-00488,211,42.23,00614
central,SKU-01465,53,62.00,39548
east,SKU-01340,85,66.02,04851
south,SKU-00514,131,61.446,50853
south,SKU-01883,410,69.88,04641
south,SKU-01855,466,58.46,86678
central,SKU-00699,351,48.44,24463
central,SKU-01510,474,61.1,47102
south,SKU-01710,321,44.13,64713
north,SKU-01129,426,49.56,08421
east,SKU-01058,135,68.55,98745
central,SKU-00947,402,51.76,21574
south,SKU-00746,355,27.289,68808
south,SKU-01791,55,53.00,86213
north,SKU-00329,352,21.465,50875
west,SKU-00467,381,86.10,20070
central,SKU-00614,464,20.09,58264
north,SKU-00564,446,80.89,49812
south,SKU-00655,265,84.94,04546
north,SKU-01900,199,2.80,84587
south,SKU-01175,33,66.43,05696
north,SKU-00497,288,26.31,87803
west,SKU-01079,456,6.6,59643
south,SKU-01193,359,71.599,25974
north,SKU-01179,322,16.96,55940
west,SKU-01790,418,84.05,75769
west,SKU-00884,124,74.42,18949
east,SKU-00319,340,15.88,37561
west,SKU-01225,277,17.68,83912
north,SKU-00317,154,7.09,46616
north,SKU-01479,488,41.12,07913
east,SKU-00633,500,15.24,97432
north,SKU-00667,223,3.02,62550
south,SKU-01341,414,64.41,13703
west,SKU-00613,202,8.92,93945
east,SKU-00797,256,9.00,21109
east,SKU-00361,4,3.30,01379
west,SKU-01742,105,77.03,01089
south,SKU-01004,131,59.71,03498
central,SKU-00810,225,21.31,04535
north,SKU-01100,491,28.100,04608
north,SKU-00954,117,47.13,09137
south,SKU-00064,490,76.46,94145
west,SKU-01047,95,12.63,05284
north,SKU-01821,326,98.1,50724
west,SKU-01441,379,88.0,07030
central,SKU-00424,401,51.8,04287
central,SKU-00345,331,80.39,03512
north,SKU-00919,43,90.73,71125
north,SKU-00551,239,43.29,26157
east,SKU-00871,318,26.94,45360
south,SKU-01933,483,39.08,44520
central,SKU-00494,44,23.63,05267
north,SKU-01826,268,46.11,94255
east,SKU-00218,198,54.86,54098
central,SKU-01574,269,53.921,02616
north,SKU-01569,238,38.16,24866
south,SKU-01012,81,13.612,78117
central,SKU-01930,318,22.78,06748
east,SKU-01286,377,40.2,89621
west,SKU-00659,435,24.36,09781
south,SKU-01889,129,26.318,59467
central,SKU-00463,197,93.86,59557
east,SKU-00766,14,20.50,02897
east,SKU-00747,84,79.78,04306
north,SKU-01957,36,55.02,12801
west,SKU-01255,395,83.8,20700
central,SKU-00727,368,1.62,18375
south,SKU-00758,67,75.142,28752
central,SKU-01425,305,62.15,29413
west,SKU-01324,298,42.4,21622
south,SKU-01351,20,9.50,02830
central,SKU-01431,311,54.58,51171
west,SKU-00722,43,30.677,47546
central,SKU-00512,235,62.85,46926
south,SKU-01223,337,71.94,66093
west,SKU-01076,411,87.30,11951
west,SKU-00757,351,28.74,77323
north,SKU-00034,307,92.97,12905
east,SKU-00531,148,70.29,43615
north,SKU-00124,457,65.89,56076
north,SKU-01837,21,22.15,64589
north,SKU-01310,492,51.23,06379
south,SKU-01282,492,27.254,25144
central,SKU-00465,379,55.37,19063
south,SKU-01303,365,71.24,59430
east,SKU-00325,266,33.5,58486
west,SKU-00883,344,89.10,62714
central,SKU-01549,375,24.88,73641
central,SKU-01398,49,6.30,47376
west,SKU-01747,193,26.18,33147
west,SKU-00268,452,89.06,27778
central,SKU-01878,293,22.71,07981
south,SKU-01503,359,30.47,84359
east,SKU-00903,320,45.82,00897
south,SKU-01833,424,14.39,69874
east,SKU-01475,355,70.2,52716
west,SKU-00991,167,24.935,15762
south,SKU-01101,498,89.292,00456
west,SKU-01474,449,4.214,72349
south,SKU-00308,139,3.2,31645
east,SKU-00926,368,86.7,12754
west,SKU-00975,331,90.94,07186
west,SKU-00057,175,2.64,25259
west,SKU-01182,176,72.5,05575
north,SKU-00269,452,72.16,25475
north,SKU-01696,145,13.03,85529
west,SKU-01976,390,2.9,00100
west,SKU-01497,196,77.51,59635
west,SKU-01284,342,3.13,56800
east,SKU-01961,211,90.06,05293
central,SKU-00528,322,98.619,04471
north,SKU-00422,48,17.03,04275
central,SKU-01087,176,50.09,00892
east,SKU-00809,407,93.42,02410
south,SKU-00263,336,51.51,88908
east,SKU-01121,255,65.30,12796
north,SKU-00007,446,45.37,42631
east,SKU-00538,490,66.82,63650
north,SKU-01958,44,6.26,39328
east,SKU-01056,20,22.29,59189
south,SKU-01483,55,84.61,31110
north,SKU-00649,44,68.2,92534
north,SKU-00015,468,97.79,24238
hq,SKU-02001,7,12.34,02134
east,SKU-01525,67,47.36,07202
central,SKU-01545,24,47.45,71471
south,SKU-01767,499,24.43,58795
south,SKU-01430,478,44.04,37794
west,SKU-00446,426,58.3,95606
north,SKU-00932,199,1.78,30046
south,SKU-01116,155,33.76,02554
central,SKU-01586,465,56.35,92065
north,SKU-00627,93,15.90,78809
east,SKU-01442,482,74.78,17239
north,SKU-00270,309,80.42,04315
west,SKU-01219,393,61.30,82078
central,SKU-00672,61,23.11,06027
west,SKU-00379,178,92.18,01144
central,SKU-01370,477,56.41,29804
central,SKU-00850,275,50.10,51166
central,SKU-00557,16,9.353,82003
central,SKU-00226,88,80.88,01912
north,SKU-01119,122,80.86,37874
west,SKU-00720,223,96.22,33307
north,SKU-00897,57,8.4,06592
central,SKU-00061,24,83.78,03981
west,SKU-01746,221,82.916,34539
east,SKU-01655,399,80.675,17058
south,SKU-01090,246,5.13,03171
east,SKU-01378,10,72.14,15425
central,SKU-01953,430,5.3,31779
central,SKU-00603,403,56.89,65447
central,SKU-00087,188,3.51,42466
north,SKU-01502,245,19.1,94519
east,SKU-00651,241,95.001,01841
south,SKU-01383,478,32.65,02713
west,SKU-01135,165,4.33,91339
west,SKU-01240,361,59.5,75565
central,SKU-00931,454,61.94,20260
north,SKU-01173,263,47.2,79096
west,SKU-00153,99,42.0,00959
north,SKU-00128,349,23.07,75610
north,SKU-00799,76,56.0,90064
east,SKU-01553,172,55.20,73177
central,SKU-00829,327,45.70,04934
east,SKU-01263,143,9.31,47111
central,SKU-00054,103,63.7,94720
south,SKU-00976,293,47.40,09872
south,SKU-00971,101,96.85,02969
east,SKU-00646,424,85.74,15523
north,SKU-01170,66,83.5,99783
north,SKU-01404,329,4.4,11341
central,SKU-01881,394,52.83,44181
north,SKU-00060,228,63.41,17179
west,SKU-01415,48,59.13,92579
south,SKU-01800,274,58.74,01582
west,SKU-00973,150,40.63,06851
north,SKU-00489,408,3.69,00104
east,SKU-01010,164,73.916,07781
north,SKU-01013,52,25.72,03608
west,SKU-01682,365,57.15,34776
south,SKU-01250,243,66.01,05528
west,SKU-00959,362,26.21,04107
west,SKU-01532,240,42.1,49675
central,SKU-00066,329,31.87,06594
north,SKU-01626,218,9.78,20428
west,SKU-01159,486,82.179,10672
central,SKU-00013,381,35.839,43931
east,SKU-00669,344,64.046,37873
west,SKU-00978,87,27.67,12753
central,SKU-00260,308,70.983,84080
west,SKU-00784,308,32.4,09448
central,SKU-01669,18,44.04,17937
east,SKU-00187,434,30.82,04249
south,SKU-01915,222,4.98,53807
south,SKU-01625,323,53.4,21333
south,SKU-01177,211,73.4,08097
west,SKU-01057,346,59.30,26533
south,SKU-00992,225,20.5,57652
south,SKU-01581,155,26.2,02245
central,SKU-01002,453,45.0,12937
west,SKU-01466,308,32.6,05469
east,SKU-00405,351,45.088,35381
east,SKU-00126,54,55.65,91392
south,SKU-01043,258,16.0,09697
north,SKU-00190,395,24.24,15852
north,SKU-01075,13,52.614,02435
west,SKU-01759,86,35.35,02882
west,SKU-01733,84,38.71,16118
east,SKU-01556,256,17.65,58198
north,SKU-00716,206,44.40,53889
west,SKU-01145,493,57.021,04210
central,SKU-00414,241,97.58,07946
west,SKU-01319,466,53.72,84677
west,SKU-01335,94,20.33,53527
east,SKU-01716,424,33.467,00023
south,SKU-00434,73,50.076,15081
west,SKU-01905,140,3.7,45388
south,SKU-01823,279,64.15,46553
west,SKU-01037,388,32.30,05293
west,SKU-00735,8,32.62,04167
west,SKU-00167,345,91.60,08895
north,SKU-01859,493,75.99,68650
south,SKU-01136,408,1.31,41145
north,SKU-00901,458,69.11,06010
north,SKU-01907,76,72.88,05343
south,SKU-00626,484,17.28,75717
north,SKU-00237,188,91.62,59914
central,SKU-00621,496,63.32,18761
north,SKU-00436,364,76.4,88468
north,SKU-00997,469,48.47,07877
east,SKU-00368,198,52.3,91122
north,SKU-00297,44,52.87,07194
central,SKU-00234,186,19.97,00934
south,SKU-01349,375,70.9,29489
central,SKU-01783,204,57.2,38631
central,SKU-00618,491,46.39,02659
east,SKU-00606,149,55.71,22421
west,SKU-01771,130,67.37,02258
south,SKU-00826,20,24.40,18664
north,SKU-01528,120,11.126,80257
south,SKU-01253,84,71.5,44586
west,SKU-01752,26,26.245,06404
north,SKU-00145,241,4.84,89032
east,SKU-00402,279,96.20,92927
west,SKU-01268,230,93.13,03202
east,SKU-01427,454,88.088,32549
west,SKU-01213,455,63.79,72595
east,SKU-01693,112,66.08,27901
east,SKU-00362,131,54.0,40654
central,SKU-00283,273,13.09,36814
south,SKU-01092,406,27.55,06968
east,SKU-00731,466,95.67,11242
north,SKU-01852,448,28.53,09299
south,SKU-00406,169,43.22,97009
central,SKU-01108,256,49.22,08192
south,SKU-01346,353,96.70,31521
east,SKU-01787,240,73.1,91656
east,SKU-00544,346,83.87,07229
west,SKU-01754,325,15.45,03871
west,SKU-01156,85,76.1,09168
north,SKU-00222,457,48.93,72564
south,SKU-00607,386,93.83,04975
east,SKU-01550,126,17.00,81873
east,SKU-01938,460,10.43,07365
south,SKU-01021,231,88.2,62366
south,SKU-01098,375,98.51,38595
south,SKU-01680,373,56.02,05003
east,SKU-00516,269,45.655,02572
east,SKU-00042,13,6.59,97714
west,SKU-00225,468,34.22,09037
east,SKU-01561,405,98.27,80961
west,SKU-01914,263,67.69,69408
central,SKU-01798,370,74.32,47896
east,SKU-01657,279,84.21,85722
west,SKU-00201,179,71.909,95812
central,SKU-01641,49,93.86,95371
south,SKU-00764,416,65.03,80726
central,SKU-01937,223,58.94,40367
west,SKU-01470,496,94.06,33468
east,SKU-01713,494,26.68,62366
north,SKU-00540,182,78.31,12463
south,SKU-00833,484,81.34,33036
central,SKU-00045,181,78.36,01166
central,SKU-00005,284,27.6,48706
east,SKU-00113,452,7.23,81155
east,SKU-01500,264,25.57,50341
central,SKU-00936,344,10.10,41945
east,SKU-01122,282,3.53,77647
north,SKU-01959,130,50.16,03912
north,SKU-01365,99,18.9,58587
east,SKU-01196,380,48.99,03829
east,SKU-01518,318,3.7,01355
west,SKU-00163,486,21.62,10071
central,SKU-01770,320,70.01,10691
west,SKU-00761,227,11.99,73683
east,SKU-00681,353,7.8,46987
west,SKU-01091,353,31.69,80794
central,SKU-00905,33,95.66,09286
central,SKU-00712,147,79.15,08827
north,SKU-00657,400,98.2,38614
west,SKU-00470,40,47.55,40032
north,SKU-01068,53,66.0,76033
north,SKU-00650,257,97.72,46009
north,SKU-00587,451,4.40,08926
central,SKU-01507,161,19.78,08956
central,SKU-01338,345,62.8,39306
south,SKU-00174,422,53.3,01649
west,SKU-01711,79,5.41,01189
east,SKU-01737,215,90.20,40557
central,SKU-00892,300,37.49,72039
south,SKU-00253,85,65.73,10588
west,SKU-00073,28,20.33,91863
south,SKU-00945,453,38.43,85099
south,SKU-01049,146,14.2,38247
west,SKU-00240,133,87.41,44364
north,SKU-00356,367,11.56,09510
west,SKU-00157,80,86.71,02225
south,SKU-01654,367,41.1,41786
central,SKU-00462,395,14.72,90405
east,SKU-00168,267,20.667,60517
south,SKU-01264,113,21.560,45341
central,SKU-01328,62,83.27,03004
north,SKU-01981,52,43.8,07814
north,SKU-00291,139,40.70,06628
north,SKU-01814,315,93.27,62758
north,SKU-00175,160,8.34,54210
east,SKU-00594,243,68.29,73145
west,SKU-00265,124,59.80,07596
central,SKU-01964,150,43.2,87732
north,SKU-01862,399,34.46,52527
west,SKU-01761,205,57.96,79509
west,SKU-01590,391,59.02,02192
north,SKU-00999,191,55.38,38689
south,SKU-02000,425,73.88,04950
west,SKU-01935,441,69.79,01181
south,SKU-00983,368,74.954,39701
east,SKU-01966,200,22.54,52369
central,SKU-00740,19,19.02,72962
west,SKU-00134,136,45.0,33234
central,SKU-00586,236,55.84,06673
east,SKU-01536,466,58.27,50557
north,SKU-00392,443,30.80,47395
west,SKU-00940,212,22.27,06965
east,SKU-00133,206,84.24,53674
east,SKU-00993,173,42.80,98537
north,SKU-01471,393,93.33,01661
south,SKU-01443,67,55.22,76465
central,SKU-00444,416,49.31,02384
west,SKU-01124,230,7.98,01670
central,SKU-00762,369,79.55,83094
east,SKU-01677,330,25.93,06320
west,SKU-00460,245,15.6,49675
east,SKU-00969,417,25.05,25889
south,SKU-00765,215,36.84,08952
north,SKU-00545,41,5.942,35324
west,SKU-00717,111,68.6,22245
west,SKU-00620,348,26.15,06568
south,SKU-00027,359,13.49,03486
north,SKU-01617,319,92.278,35606
south,SKU-00979,88,78.05,02888
north,SKU-01214,452,4.04,75324
west,SKU-01527,372,32.320,57342
central,SKU-01445,456,3.68,03388
east,SKU-00710,179,63.32,99173
north,SKU-00813,223,97.85,03044
south,SKU-01385,275,86.07,39137
west,SKU-01640,434,77.51,70604
north,SKU-01446,235,13.40,89992
west,SKU-01697,320,87.18,86607
east,SKU-00332,292,64.75,10722
south,SKU-01245,377,35.17,09848
north,SKU-01565,29,86.57,01552
east,SKU-01727,223,73.62,34936
south,SKU-01067,34,66.2,16813
north,SKU-00686,119,16.4,03071
west,SKU-01035,382,33.52,01641
south,SKU-01822,259,31.1,06017
north,SKU-00982,98,90.37,84412
south,SKU-00795,210,75.60,00022
east,SKU-00911,469,36.9,59582
north,SKU-01932,301,79.8,35134
west,SKU-00636,242,59.96,75582
north,SKU-01734,182,39.83,03480
east,SKU-01256,18,19.33,96828
south,SKU-01148,414,24.04,02793
south,SKU-01571,102,83.07,08840
west,SKU-01891,315,44.819,06159
east,SKU-01314,183,8.71,07520
east,SKU-00663,398,35.94,62976
east,SKU-00668,243,71.743,59362
north,SKU-01107,172,31.64,08698
south,SKU-00853,355,46.49,46257
east,SKU-00703,107,49.5,56488
west,SKU-00058,494,48.5,64213
north,SKU-00056,468,3.67,04460
west,SKU-01149,249,84.48,03760
east,SKU-00165,226,64.68,77275
south,SKU-01548,486,38.51,54434
west,SKU-00235,182,86.42,45781
north,SKU-01924,131,9.22,20163
south,SKU-01180,481,8.64,02979
south,SKU-01579,222,44.95,11890
central,SKU-00726,112,58.49,88801
west,SKU-01201,181,79.43,76454
central,SKU-00395,330,22.74,09068
central,SKU-01909,418,35.61,45248
north,SKU-01594,481,28.77,79586
east,SKU-00523,80,33.76,85117
west,SKU-01468,99,75.15,03254
east,SKU-00354,357,82.65,75886
west,SKU-00612,298,66.2,34656
west,SKU-00677,145,84.44,57484
west,SKU-00349,214,2.01,25788
south,SKU-01987,412,33.82,38818
north,SKU-01843,153,61.61,41439
west,SKU-01332,340,3.42,53067
west,SKU-00227,166,78.40,54329
north,SKU-01299,218,2.34,07992
south,SKU-00099,364,22.08,09391
east,SKU-01695,65,68.136,70518
west,SKU-01743,132,13.67,85658
west,SKU-00450,126,64.69,95154
west,SKU-00533,202,45.86,73553
east,SKU-01226,313,33.60,29618
east,SKU-00172,79,46.28,08517
central,SKU-00801,273,68.316,02804
east,SKU-01455,174,82.82,84856
north,SKU-01206,463,98.77,36140
north,SKU-01403,415,8.94,09304
west,SKU-00069,199,85.96,85433
central,SKU-00156,354,36.72,00540
north,SKU-00515,416,51.572,04840
north,SKU-00029,409,31.856,07960
east,SKU-00925,233,73.444,46063
central,SKU-01081,221,5.45,36047
west,SKU-01995,338,78.609,40689
central,SKU-01810,31,41.43,56948
south,SKU-01762,208,74.99,04875
east,SKU-00581,488,21.6,81328
central,SKU-01337,198,79.66,22492
east,SKU-01542,134,23.97,15571
west,SKU-00116,316,9.77,52975
north,SKU-00676,364,84.8,13143
west,SKU-01873,452,82.615,29074
south,SKU-01609,323,20.7,07317
west,SKU-01114,318,38.36,59620
east,SKU-00264,205,72.61,68102
north,SKU-00081,144,9.00,43350
south,SKU-00443,221,44.31,61315
central,SKU-01224,253,60.94,87456
north,SKU-01130,443,7.82,84951
north,SKU-01144,10,58.49,31326
north,SKU-01554,136,43.330,52144
south,SKU-00259,127,4.39,83079
north,SKU-01678,188,58.02,79812
east,SKU-00193,204,34.71,03884
west,SKU-00943,21,29.16,00743
north,SKU-00781,333,27.74,01666
south,SKU-00079,395,46.22,87305
south,SKU-01476,107,24.68,07407
west,SKU-00437,384,11.90,00534
central,SKU-00435,477,89.52,17098
central,SKU-01488,478,24.52,12384
south,SKU-01620,105,42.67,05845
central,SKU-01016,377,58.75,12350
south,SKU-00419,271,75.8,04711
central,SKU-01190,223,79.04,43562
south,SKU-00254,36,90.220,08162
east,SKU-00382,128,5.69,02524
south,SKU-01993,465,62.65,08137
west,SKU-01772,59,90.44,05778
east,SKU-01676,59,54.83,12750
west,SKU-00346,185,39.521,88912
south,SKU-01847,267,45.3,91322
north,SKU-01997,377,25.46,00073
north,SKU-01593,124,31.95,05152
north,SKU-00492,289,64.13,20656
south,SKU-00880,3,87.26,41933
north,SKU-00904,214,2.04,09647
east,SKU-00537,335,20.23,49693
south,SKU-01538,347,44.83,34483
south,SKU-01134,30,70.873,81642
west,SKU-01200,292,11.024,65341
south,SKU-01763,477,15.60,90771
north,SKU-00431,379,78.37,40636
east,SKU-01361,19,89.08,14603
central,SKU-01417,475,48.24,50527
central,SKU-01424,445,26.93,70163
central,SKU-01166,427,56.68,43703
central,SKU-00592,461,48.62,08545
east,SKU-00723,64,66.89,23172
west,SKU-01999,145,79.11,90515
north,SKU-00780,87,92.372,06065
south,SKU-00874,225,26.02,12817
east,SKU-00939,323,53.74,08344
central,SKU-01089,100,84.19,02534
central,SKU-01530,424,52.01,56478
west,SKU-00640,96,92.09,90820
south,SKU-01562,83,38.962,87081
central,SKU-00002,353,4.85,00792
east,SKU-00285,334,97.81,78064
south,SKU-00684,299,47.71,20122
south,SKU-00350,166,56.15,09283
central,SKU-00095,92,52.1,81899
south,SKU-00204,88,26.92,12962
north,SKU-01585,248,64.1,60559
north,SKU-00869,263,56.10,28254
south,SKU-00506,465,57.4,63520
central,SKU-01354,203,6.05,87131
south,SKU-00643,58,29.552,06862
east,SKU-01399,468,50.2,27031
east,SKU-00946,422,42.1,85930
central,SKU-00868,379,96.42,02982
central,SKU-00178,51,44.69,03689
east,SKU-01647,492,34.04,53110
east,SKU-01956,127,29.0,36269
west,SKU-01459,499,75.42,52367
west,SKU-01931,348,10.72,03947
west,SKU-01954,316,35.57,92036
north,SKU-00108,169,42.13,88768
north,SKU-01304,311,71.80,54018
east,SKU-00574,372,63.0,87762
south,SKU-00423,47,67.83,92419
south,SKU-00030,478,6.5,04830
central,SKU-00324,127,52.79,07005
west,SKU-00688,66,37.20,16900
south,SKU-01758,325,44.26,31081
west,SKU-01948,179,21.22,68137
south,SKU-01302,343,80.0,69300
south,SKU-01248,423,81.8,69789
north,SKU-00396,92,30.02,44474
north,SKU-00244,82,28.58,00659
east,SKU-01008,437,50.64,00477
south,SKU-01045,456,92.91,57237
south,SKU-00499,99,41.21,78114
central,SKU-01848,415,29.46,05157
north,SKU-00370,296,87.84,08167
north,SKU-00339,32,73.85,95791
north,SKU-00773,352,78.116,45590
north,SKU-00671,51,1.75,07243
south,SKU-01025,97,83.183,48249
west,SKU-01467,339,66.489,38207
central,SKU-00694,373,47.00,53921
north,SKU-01065,64,85.24,76016
south,SKU-00951,291,38.08,14757
south,SKU-01382,176,68.7,07172
central,SKU-00580,304,37.958,98408
south,SKU-00038,278,19.701,07953
west,SKU-00719,300,8.41,48926
west,SKU-01824,124,9.03,39591
west,SKU-01360,282,73.48,38884
north,SKU-00280,138,76.95,89272
south,SKU-00820,247,33.40,44331
east,SKU-01925,416,5.26,78100
west,SKU-00832,27,21.51,83941
north,SKU-01449,279,18.3,04732
south,SKU-01936,494,10.22,06658
east,SKU-01557,71,86.274,39300
central,SKU-01793,104,30.61,41122
south,SKU-00104,404,76.5,52825
west,SKU-00481,406,35.15,46970
east,SKU-01990,435,32.18,29996
west,SKU-01150,172,14.57,59589
north,SKU-01212,95,22.34,78168
central,SKU-00130,219,6.95,15184
south,SKU-00767,405,28.20,03406
north,SKU-00051,432,86.6,15131
south,SKU-01094,433,75.74,87609
north,SKU-00170,132,2.98,19928
east,SKU-00953,236,39.5,05237
north,SKU-01835,423,90.38,01480
south,SKU-01178,276,34.9,07374
west,SKU-00111,406,55.5,41362
north,SKU-01831,158,15.26,51677
east,SKU-00960,163,39.29,50770
west,SKU-00855,183,18.5,74598
west,SKU-00617,124,81.63,41197
south,SKU-00049,395,91.90,04950
east,SKU-01616,195,59.95,02784
central,SKU-01844,261,7.04,83838
north,SKU-00082,355,78.73,73777
east,SKU-00708,62,9.76,79868
central,SKU-00455,192,16.5,09521
east,SKU-00532,265,16.90,39834
west,SKU-01387,416,70.83,61738
north,SKU-01825,445,51.24,85958
west,SKU-01511,439,65.709,67044
west,SKU-00482,176,58.70,41533
central,SKU-00119,76,88.05,47354
east,SKU-00031,306,33.01,23000
south,SKU-00397,170,6.91,00479
east,SKU-01006,165,85.648,51543
central,SKU-01809,304,6.16,09547
south,SKU-01366,434,86.70,99640
west,SKU-01834,142,24.3,57488
north,SKU-00734,164,63.99,98956
south,SKU-01785,345,33.63,45757
central,SKU-00417,23,47.27,85020
central,SKU-00311,249,37.79,02524
west,SKU-00239,363,41.60,41255
north,SKU-00177,348,94.3,65956
south,SKU-01261,90,10.700,98125
north,SKU-01744,56,44.60,00256
south,SKU-00390,489,49.3,25584
central,SKU-01653,66,60.47,27625
north,SKU-01412,399,69.44,05860
east,SKU-01646,380,73.67,88619
west,SKU-00730,149,74.41,76725
west,SKU-00472,471,74.967,04563
south,SKU-01131,9,36.30,51402
east,SKU-01816,335,56.92,77730
central,SKU-00955,8,52.23,94391
east,SKU-01356,394,97.60,10682
west,SKU-01598,481,86.11,00444
north,SKU-01923,101,70.02,05316
north,SKU-00554,490,91.668,72348
west,SKU-01339,366,27.98,00715
west,SKU-00101,98,18.06,09135
south,SKU-01602,1,17.50,44186
west,SKU-00864,265,73.06,83805
central,SKU-01818,310,65.70,57149
east,SKU-01112,456,54.11,58079
east,SKU-00365,414,16.89,07675
south,SKU-00578,427,48.35,06035
central,SKU-01985,359,17.6,16610
north,SKU-00149,456,72.356,41778
south,SKU-01811,155,94.29,53142
south,SKU-01207,377,44.23,02603
south,SKU-00629,44,76.07,58778
east,SKU-01748,398,94.946,90032
south,SKU-00608,199,97.97,21503
north,SKU-00839,112,89.42,30494
central,SKU-00110,331,66.99,05717
north,SKU-00173,190,12.5,37856
south,SKU-01806,66,81.67,98797
east,SKU-01869,187,72.19,96941
central,SKU-01612,211,93.00,04440
central,SKU-01973,286,57.64,08175
east,SKU-01739,148,33.72,31289
north,SKU-01879,270,59.89,31255
central,SKU-01105,470,51.68,06418
north,SKU-00065,394,27.642,21513
east,SKU-01451,368,38.77,53266
east,SKU-00744,221,8.9,22981
central,SKU-00630,467,76.7,43643
east,SKU-00852,203,40.04,73071
east,SKU-01584,292,89.90,60600
central,SKU-00944,484,11.734,86034
west,SKU-00212,200,75.81,29143
south,SKU-01700,26,15.92,05770
north,SKU-00562,342,81.554,05877
south,SKU-01880,223,93.5,01978
north,SKU-00738,192,6.318,78958
west,SKU-00789,196,43.79,08857
north,SKU-01801,416,12.99,00204
west,SKU-00138,291,44.85,34233
west,SKU-01685,68,10.25,08652
east,SKU-00583,266,3.41,73494
west,SKU-00416,172,56.3,04111
west,SKU-00619,322,74.84,44149
west,SKU-00102,392,12.96,06955
north,SKU-01884,18,15.69,09944
west,SKU-00447,43,21.78,37591
central,SKU-01573,145,93.95,56602
west,SKU-00300,199,87.93,01178
east,SKU-01629,179,79.02,03847
east,SKU-00526,443,24.02,06934
north,SKU-01505,119,29.13,46483
east,SKU-01192,322,74.79,25252
east,SKU-00704,108,8.50,45272
south,SKU-01272,458,79.00,50175
south,SKU-00821,324,85.38,40417
north,SKU-01386,210,1.53,07260
east,SKU-00691,282,97.793,04750
central,SKU-01333,163,45.92,45123
north,SKU-01691,162,7.19,33977
west,SKU-00275,17,43.013,03917
north,SKU-00386,393,79.90,01030
west,SKU-00641,215,91.53,97048
south,SKU-00665,368,7.09,46857
north,SKU-01736,237,57.67,84051
north,SKU-00635,369,16.04,96176
east,SKU-01377,261,53.45,56454
north,SKU-00927,121,7.12,54024
east,SKU-01820,364,26.03,68472
north,SKU-00570,136,58.15,83496
south,SKU-00889,460,22.06,64641
west,SKU-00062,64,46.26,08162
central,SKU-00273,292,39.6,15561
west,SKU-00624,348,63.48,01316
west,SKU-01484,171,57.098,09845
east,SKU-00198,422,85.7,62089
south,SKU-00733,322,11.13,05334
south,SKU-00491,71,21.70,01635
west,SKU-01559,186,5.95,09079
west,SKU-00552,26,22.11,98568
central,SKU-00741,374,59.87,30914
west,SKU-01832,193,61.1,46476
central,SKU-00775,140,71.47,06087
central,SKU-00122,184,1.9,75878
north,SKU-01544,482,13.63,02995
north,SKU-00399,30,76.3,79050
west,SKU-00835,91,49.2,57397
east,SKU-01666,281,16.28,05958
east,SKU-00314,248,5.21,96362
central,SKU-00566,399,24.37,08793
central,SKU-01631,45,58.79,05129
central,SKU-01040,355,19.00,82192
east,SKU-00480,352,24.87,06169
east,SKU-01671,38,98.53,22733
north,SKU-00464,422,10.276,00722
east,SKU-01195,348,50.04,05265
west,SKU-01563,199,29.91,34640
south,SKU-01726,62,2.53,04389
west,SKU-01031,289,87.96,05071
west,SKU-00994,408,91.65,28428
east,SKU-00387,300,15.13,08942
west,SKU-01165,479,68.64,70103
west,SKU-00970,250,67.46,28186
central,SKU-01719,434,44.99,41411
central,SKU-01085,422,64.941,85945
central,SKU-00886,65,3.45,59830
east,SKU-01946,140,64.52,12690
east,SKU-01512,385,58.51,42163
central,SKU-00378,108,64.49,20177
west,SKU-01163,289,56.29,23324
west,SKU-01093,40,57.97,95856
south,SKU-00679,345,46.60,04510
west,SKU-01582,18,42.85,41598
central,SKU-00513,239,63.34,30858
central,SKU-00503,137,60.25,44820
south,SKU-00441,367,13.04,07939
west,SKU-00131,61,72.32,08189
east,SKU-00685,297,8.36,74765
east,SKU-00648,89,64.36,06177
east,SKU-00857,258,78.66,23465
south,SKU-01543,40,92.56,64651
central,SKU-01709,414,67.41,90043
central,SKU-01188,337,19.42,71160
north,SKU-01546,204,71.33,36057
north,SKU-01656,134,52.42,88862
west,SKU-00090,129,65.48,90572
west,SKU-01447,264,16.56,59429
east,SKU-00547,385,85.83,07787
north,SKU-01779,98,41.12,73998
east,SKU-00232,134,23.64,84821
central,SKU-01749,364,13.3,53991
west,SKU-00778,307,93.2,09852
east,SKU-00454,202,21.82,81336
west,SKU-00302,215,10.72,07309
north,SKU-01854,4,13.46,09702
central,SKU-00615,411,24.76,06611
south,SKU-01642,437,89.63,06655
west,SKU-00298,299,46.52,05658
east,SKU-01572,442,75.51,03668
east,SKU-01419,244,75.68,17144
east,SKU-00965,2,1.39,30347
east,SKU-01168,372,79.862,06364
east,SKU-00753,283,93.57,09043
east,SKU-01580,68,42.90,06133
north,SKU-01453,172,13.12,03784
east,SKU-01941,394,79.63,02414
central,SKU-00284,50,39.18,86054
west,SKU-01890,246,40.97,48346
north,SKU-00916,347,33.82,02829
central,SKU-01363,93,50.09,48292
west,SKU-00321,4,87.78,71220
west,SKU-01433,234,56.1,57402
central,SKU-01664,252,55.05,01253
west,SKU-01176,87,47.9,07438
north,SKU-00918,185,82.09,07019
south,SKU-01898,279,14.9,06059
east,SKU-00763,483,86.276,02766
central,SKU-01996,481,26.63,24791
west,SKU-00132,213,68.14,77064
central,SKU-00428,376,19.67,01253
north,SKU-01714,491,77.74,46100
south,SKU-01044,438,8.63,48296
west,SKU-00457,58,10.6,01542
south,SKU-00047,457,94.87,38916
west,SKU-01498,322,46.05,85634
central,SKU-01988,232,92.74,74462
north,SKU-01203,357,81.1,11538
north,SKU-00366,420,67.41,12240
west,SKU-00439,435,54.96,02989
east,SKU-00250,307,15.0,73478
north,SKU-00866,75,86.27,69168
north,SKU-01592,491,47.11,21922
east,SKU-01971,185,73.01,76624
west,SKU-00724,227,62.04,76043
south,SKU-00508,82,43.55,08493
west,SKU-00344,121,39.80,03238
central,SKU-01029,482,17.985,06395
south,SKU-00333,350,96.59,05510
east,SKU-00474,447,25.95,33683
west,SKU-00093,163,75.55,00995
north,SKU-01022,497,38.5,17236
south,SKU-00024,63,75.94,00715
west,SKU-00861,427,19.44,23926
west,SKU-01618,346,85.65,27562
north,SKU-00824,65,7.66,06294
west,SKU-00962,193,44.93,92295
north,SKU-01258,180,53.527,04696
south,SKU-01231,237,53.35,77149
east,SKU-00656,215,89.59,87754
east,SKU-01707,337,33.50,56464
east,SKU-00191,235,80.21,95747
west,SKU-00199,334,97.36,69907
west,SKU-01452,318,78.441,07131
central,SKU-01242,251,7.69,28844
west,SKU-00690,388,22.66,85899
west,SKU-00162,448,64.4,71735
south,SKU-00440,487,57.82,01395
north,SKU-01428,215,96.3,29340
south,SKU-00597,222,49.01,06652
south,SKU-00415,61,29.14,89798
east,SKU-01023,125,37.75,01683
east,SKU-01375,312,74.516,92520
east,SKU-00040,97,20.55,48868
east,SKU-01477,488,51.79,09659
central,SKU-00371,164,63.01,76734
central,SKU-01564,367,22.376,49172
west,SKU-01885,22,60.65,16863
west,SKU-01817,408,72.9,10831
south,SKU-00825,37,30.474,03030
east,SKU-01311,193,98.6,65978
south,SKU-00322,116,28.14,82677
south,SKU-01300,168,70.18,64500
east,SKU-00914,283,78.90,93424
south,SKU-01624,308,96.15,44254
central,SKU-01552,64,25.17,04720
south,SKU-00035,21,88.84,76882
south,SKU-01663,89,79.531,74255
south,SKU-01218,432,87.49,06010
central,SKU-00360,119,91.5,85683
west,SKU-01636,475,81.782,08124
central,SKU-01478,278,61.99,84508
north,SKU-01017,444,53.84,94603
west,SKU-01028,285,27.32,13060
east,SKU-01197,412,26.27,31614
east,SKU-01051,61,46.03,93800
west,SKU-00625,452,66.57,05227
east,SKU-01038,123,53.05,91789
east,SKU-01813,235,25.84,03897
central,SKU-01949,147,7.51,01167
south,SKU-00796,80,97.803,08094
north,SKU-01287,411,47.60,41432
east,SKU-00171,254,39.78,46161
west,SKU-00271,486,38.52,77350
central,SKU-01208,441,20.32,10365
central,SKU-01036,454,30.4,08006
north,SKU-01597,26,16.34,75480
central,SKU-00793,222,96.93,37609
south,SKU-00147,437,46.997,07775
west,SKU-00856,375,32.368,01946
east,SKU-00011,335,73.3,02206
east,SKU-01622,322,4.65,92986
south,SKU-01080,113,84.07,01625
west,SKU-00236,407,46.0,62925
east,SKU-00055,183,32.96,66932
south,SKU-00683,298,27.67,07282
south,SKU-01416,420,26.3,26744
north,SKU-01288,55,54.57,61124
central,SKU-00407,441,10.34,05655
north,SKU-01292,227,31.670,07787
west,SKU-01724,319,58.11,03859
west,SKU-01867,156,90.50,09185
west,SKU-00846,419,40.1,83695
south,SKU-01278,257,47.62,06195
south,SKU-01247,291,93.5,71462
east,SKU-01972,457,48.99,03119
north,SKU-00476,367,95.11,08196
east,SKU-00894,302,4.37,17947
south,SKU-00786,283,57.28,44534
central,SKU-01154,323,11.21,32113
east,SKU-01290,98,55.85,04602
south,SKU-01042,82,6.61,60700
east,SKU-01583,166,40.77,87767
central,SKU-01257,35,33.91,17540
west,SKU-01504,493,24.255,35155
east,SKU-01978,100,10.8,29242
south,SKU-00469,371,65.8,41024
central,SKU-00517,326,61.69,61055
west,SKU-00967,94,73.33,88340
east,SKU-00262,314,76.99,02583
east,SKU-01295,268,50.8,76037
north,SKU-01673,379,88.60,27616
north,SKU-00393,496,32.14,40518
north,SKU-01440,167,71.0,04497
east,SKU-00389,478,93.2,77926
east,SKU-01901,300,20.71,61566
north,SKU-00929,402,24.48,00782
north,SKU-00771,106,97.54,92567
east,SKU-00012,203,13.0,68751
north,SKU-00875,159,46.39,08862
east,SKU-01162,290,64.51,28911
south,SKU-01683,190,94.6,86662
east,SKU-00772,87,27.26,01480
central,SKU-00478,289,8.5,77803
central,SKU-00036,123,71.30,30355
south,SKU-00843,374,43.34,24493
east,SKU-01273,151,46.65,38452
east,SKU-01499,343,66.44,76070
south,SKU-00524,473,43.825,02579
west,SKU-00083,408,60.1,70059
east,SKU-00088,208,74.6,36756
west,SKU-01986,12,18.7,24587
east,SKU-01320,152,84.3,34952
west,SKU-01289,410,28.53,67313
north,SKU-01209,120,48.88,00740
south,SKU-00998,449,45.06,28428
west,SKU-00150,163,88.23,07590
east,SKU-00670,5,54.71,08452
east,SKU-00520,179,19.79,69209
west,SKU-00364,181,90.19,77556
central,SKU-00091,77,89.58,94276
south,SKU-01601,81,4.39,03790
central,SKU-00595,155,23.00,56090
east,SKU-00521,30,19.1,27742
west,SKU-01836,207,83.1,11372
south,SKU-01962,275,41.30,52461
central,SKU-00483,347,13.1,07565
central,SKU-00571,319,94.29,57266
north,SKU-00274,209,98.12,08988
south,SKU-00899,95,61.26,38486
central,SKU-00584,221,55.27,21122
central,SKU-01411,322,44.30,46522
west,SKU-01531,242,13.04,52876
east,SKU-00092,497,64.61,40001
north,SKU-00290,470,28.8,09180
north,SKU-00777,343,40.85,89356
south,SKU-01807,417,24.73,06356
north,SKU-01388,195,50.6,05311
south,SKU-00782,297,69.60,56719
central,SKU-01232,464,47.21,08225
north,SKU-00326,459,53.639,94122
south,SKU-01293,294,81.0,01291
south,SKU-01919,327,32.93,65374
central,SKU-01054,187,16.31,60091
central,SKU-00680,129,76.32,02365
west,SKU-01345,29,37.70,07292
north,SKU-00448,380,25.24,98109
north,SKU-01481,148,93.33,04513
central,SKU-01259,438,93.7,64977
south,SKU-01865,440,82.67,72313
west,SKU-00209,239,36.94,12773
east,SKU-01199,294,68.52,77653
south,SKU-00541,419,96.8,68195
west,SKU-01381,191,97.42,58124
north,SKU-00756,375,15.45,92081
north,SKU-00493,238,24.9,97058
central,SKU-00070,12,17.0,81382
north,SKU-01235,317,16.8,01617
south,SKU-01194,221,87.14,01319
west,SKU-00644,126,18.30,62006
south,SKU-00430,176,84.65,90508
south,SKU-00473,33,21.58,04909
west,SKU-00836,145,91.867,97413
central,SKU-00112,327,50.54,60235
east,SKU-01140,280,29.68,08476
central,SKU-01983,436,54.16,05535
east,SKU-00707,135,74.8,34820
central,SKU-00391,323,32.62,64986
central,SKU-01596,38,81.13,06121
west,SKU-01681,404,36.44,26763
east,SKU-01211,337,19.67,09521
south,SKU-01413,325,74.23,76887
west,SKU-01648,415,29.67,70540
east,SKU-00358,355,42.19,05965
west,SKU-00751,390,69.73,05932
south,SKU-01703,78,48.6,04345
north,SKU-01254,482,91.33,52871
north,SKU-00255,240,31.63,72654
central,SKU-01151,366,79.76,85409
south,SKU-00623,173,67.45,98509
west,SKU-01217,261,86.80,06220
south,SKU-00068,291,29.68,77649
north,SKU-00818,143,57.97,99877
central,SKU-00543,473,38.41,94054
north,SKU-01613,240,16.0,74055
north,SKU-00851,472,48.4,10348
south,SKU-01667,373,57.01,54879
west,SKU-01892,433,46.58,23131
south,SKU-00755,160,19.06,64379
east,SKU-00831,329,10.41,04832
south,SKU-00144,287,15.77,80544
central,SKU-00622,359,12.98,42732
north,SKU-01804,276,75.43,16378
north,SKU-00605,127,33.46,06745
north,SKU-01588,112,34.25,09618
east,SKU-01409,355,76.0,51780
central,SKU-01764,492,50.81,66266
east,SKU-00815,26,59.74,70428
central,SKU-01850,255,12.66,78513
north,SKU-01866,182,95.22,57389
west,SKU-01183,26,5.14,90480
north,SKU-01537,362,87.949,04808
north,SKU-00210,271,13.7,00378
north,SKU-01830,91,17.40,00256
south,SKU-00882,309,65.34,04061
central,SKU-00176,254,54.92,00575
west,SKU-00369,123,26.388,94599
central,SKU-01863,230,79.06,08464
central,SKU-00647,402,52.73,33945
west,SKU-01508,130,44.58,43506
central,SKU-01659,478,40.27,66148
central,SKU-00542,308,48.22,91183
north,SKU-01237,107,16.12,06233
west,SKU-00534,63,16.77,13041
north,SKU-00546,417,94.37,85183
west,SKU-00242,209,72.85,93767
south,SKU-01658,334,12.10,84792
west,SKU-00980,9,42.6,38739
north,SKU-01769,497,91.71,60985
west,SKU-01789,349,85.107,62237
east,SKU-01018,454,51.3,00536
east,SKU-01805,467,85.5,08732
east,SKU-00367,196,23.01,31316
east,SKU-00292,323,92.45,78964
central,SKU-00075,239,28.73,67403
central,SKU-00148,31,91.1,67574
central,SKU-00041,482,19.99,05075
east,SKU-01220,18,94.61,85707
north,SKU-01185,24,25.77,80974
central,SKU-01665,61,17.38,06220
north,SKU-01380,175,29.51,25059
west,SKU-00838,166,71.93,85242
central,SKU-00347,115,52.99,95837
central,SKU-01152,139,32.16,03932
east,SKU-00461,345,54.89,64390
north,SKU-00183,288,71.46,34861
north,SKU-00246,63,37.9,53090
east,SKU-00548,77,43.5,02121
east,SKU-01161,230,83.37,06459
south,SKU-01326,240,30.54,57093
east,SKU-00830,381,65.88,79971
south,SKU-01262,128,77.67,09141
east,SKU-01249,112,43.48,03415
west,SKU-01784,141,47.33,50787
north,SKU-01379,171,46.28,57722
central,SKU-00456,89,73.46,86494
east,SKU-01117,498,14.93,99337
east,SKU-01088,258,97.61,02120
east,SKU-00097,81,26.28,74463
south,SKU-01645,365,45.10,06582
west,SKU-00909,129,34.54,38955
east,SKU-01239,285,42.05,72117
east,SKU-00109,391,84.93,02339
east,SKU-00103,182,30.11,08141
west,SKU-00666,415,41.41,03755
east,SKU-00140,436,28.519,11431
north,SKU-00335,237,10.67,23070
central,SKU-00028,207,3.636,85989
north,SKU-00817,417,33.5,09042
east,SKU-01623,441,40.06,84006
east,SKU-01325,172,53.99,02719
east,SKU-00678,282,82.05,01450
east,SKU-00675,397,48.7,60406
west,SKU-01741,277,13.26,07443
north,SKU-01729,173,60.462,48645
east,SKU-00282,121,20.60,64815
east,SKU-01420,99,11.69,37665
east,SKU-01589,344,89.3,93730
east,SKU-01922,213,18.08,87656
east,SKU-01352,31,75.39,00427
central,SKU-00219,151,48.45,63964
west,SKU-01515,61,94.9,63566
west,SKU-00792,405,49.63,22796
west,SKU-01952,89,36.04,08749
east,SKU-00906,132,6.59,89946
west,SKU-01376,99,72.62,12817
east,SKU-01414,147,5.50,00109
east,SKU-00394,302,77.80,80283
south,SKU-01271,278,11.65,00491
east,SKU-00560,199,95.62,06022
central,SKU-01846,162,77.69,53074
central,SKU-01306,312,27.133,70445
north,SKU-00600,113,70.88,64769
south,SKU-01839,8,42.79,09833
east,SKU-00295,497,25.11,56570
north,SKU-01943,466,69.54,92627
south,SKU-01792,414,27.782,98235
north,SKU-00202,336,57.0,32770
north,SKU-01643,54,67.6,42432
north,SKU-01803,133,55.514,10980
east,SKU-00714,305,90.257,20612
north,SKU-00009,66,79.30,00345
central,SKU-00195,80,67.600,62068
south,SKU-01897,380,16.83,46572
north,SKU-01274,220,16.58,27656
south,SKU-00511,258,44.739,45757
central,SKU-01109,328,6.84,01139
north,SKU-00963,311,93.73,08774
central,SKU-00286,69,66.43,03154
west,SKU-01313,317,53.27,71962
central,SKU-01461,166,96.93,01918
north,SKU-00802,197,53.8,37513
west,SKU-00787,471,17.42,76357
south,SKU-01071,341,77.07,68560
north,SKU-01059,214,39.16,03495
central,SKU-01046,320,51.76,03848
north,SKU-00589,351,73.08,06016
central,SKU-01684,35,65.06,06129
central,SKU-00791,104,63.65,75455
east,SKU-00527,369,29.02,69173
central,SKU-00535,188,6.54,05188
east,SKU-01120,403,15.48,15859
east,SKU-01294,177,14.18,87275
north,SKU-00233,202,23.82,83038
north,SKU-01184,246,58.12,39863
south,SKU-00020,35,88.89,42251
central,SKU-01364,286,78.75,47334
central,SKU-00050,362,86.22,82646
central,SKU-00653,194,24.371,84088
south,SKU-00010,210,49.47,05802
north,SKU-00276,213,18.28,56618
central,SKU-01495,360,66.43,02366
south,SKU-00616,172,93.32,33260
north,SKU-01061,199,19.7,41199
east,SKU-00216,73,10.9,31605
south,SKU-00182,265,21.40,04921
north,SKU-00697,11,51.25,06506
north,SKU-00404,267,51.01,53975
east,SKU-01316,184,26.13,51438
west,SKU-00301,108,39.44,02500
north,SKU-00637,195,16.19,58251
east,SKU-01053,188,75.1,72120
south,SKU-00485,219,14.120,01251
south,SKU-00372,115,36.0,00202
east,SKU-01334,409,73.78,01473
north,SKU-00229,379,12.84,91221
east,SKU-01644,392,23.6,24212
east,SKU-01968,473,28.930,18233
south,SKU-01979,444,36.50,01650
east,SKU-01760,42,62.28,02485
east,SKU-01458,49,14.96,38462
south,SKU-00299,442,47.54,08173
north,SKU-01097,239,81.118,39060
south,SKU-00310,97,31.98,46671
west,SKU-01829,475,66.18,84315
west,SKU-01989,490,7.04,58459
central,SKU-00891,333,56.3,65683
south,SKU-00120,245,69.2,77525
west,SKU-01887,220,74.55,28864
central,SKU-00822,186,37.801,99770
north,SKU-00357,463,30.04,06583
east,SKU-01064,177,11.09,61135
central,SKU-01405,52,36.78,45745
central,SKU-01795,413,4.48,66915
east,SKU-01674,169,79.95,13143
